time,y_hif,y_o2,y_p300,y_p53,y_casp,y_kp
0.0000,1.00000000,0.00000000,0.00000000,0.00000000,0.00000000,0.00000000
0.1000,1.14319358,0.16978314,0.00593465,0.00497508,0.00997500,0.00172926
0.2000,1.26750389,0.31823862,0.01172003,0.00990066,0.01990000,0.00662163
0.3000,1.37226090,0.44524109,0.01733467,0.01477721,0.02977502,0.01422236
0.4000,1.45813341,0.55195553,0.02276530,0.01960522,0.03960005,0.02408522
0.5000,1.52668404,0.64037539,0.02800576,0.02438517,0.04937513,0.03579473
0.6000,1.57995425,0.71290145,0.03305553,0.02911754,0.05910026,0.04897938
0.7000,1.62013960,0.77201886,0.03791827,0.03380278,0.06877548,0.06331696
0.8000,1.64937027,0.82008404,0.04260046,0.03844138,0.07840082,0.07853447
0.9000,1.66958399,0.85920654,0.04711032,0.04303378,0.08797630,0.09440448
1.0000,1.68246843,0.89120055,0.05145700,0.04758045,0.09750198,0.11073986
1.1000,1.68944917,0.91758170,0.05565001,0.05208183,0.10697789,0.12738786
1.2000,1.69170436,0.93958942,0.05969882,0.05653838,0.11640408,0.14422438
1.3000,1.69019261,0.95822122,0.06361261,0.06095054,0.12578059,0.16114884
1.4000,1.68568529,0.97427028,0.06740018,0.06531874,0.13510749,0.17807969
1.5000,1.67879848,0.98836161,0.07106979,0.06964343,0.14438484,0.19495066
1.6000,1.67002189,1.00098418,0.07462921,0.07392503,0.15361269,0.21170775
1.7000,1.65974384,1.01251850,0.07808572,0.07816397,0.16279111,0.22830673
1.8000,1.64827212,1.02325932,0.08144608,0.08236067,0.17192017,0.24471117
1.9000,1.63585092,1.03343415,0.08471659,0.08651555,0.18099994,0.26089097
2.0000,1.62267455,1.04321802,0.08790315,0.09062903,0.19003051,0.27682106
2.1000,1.60889823,1.05274516,0.09101124,0.09470151,0.19901194,0.29248050
2.2000,1.59464666,1.06211817,0.09404596,0.09873341,0.20794433,0.30785172
2.3000,1.58002071,1.07141517,0.09701212,0.10272512,0.21682775,0.32291996
2.4000,1.56510255,1.08069536,0.09991417,0.10667704,0.22566230,0.33767282
2.5000,1.54995978,1.09000333,0.10275630,0.11058958,0.23444808,0.35209988
2.6000,1.53464852,1.09937241,0.10554243,0.11446311,0.24318517,0.36619244
2.7000,1.51921581,1.10882718,0.10827625,0.11829803,0.25187367,0.37994333
2.8000,1.50370155,1.11838553,0.11096118,0.12209471,0.26051369,0.39334667
2.9000,1.48813987,1.12806011,0.11360048,0.12585355,0.26910532,0.40639780
3.0000,1.47256031,1.13785957,0.11619717,0.12957491,0.27764869,0.41909313
3.1000,1.45698866,1.14778942,0.11875409,0.13325916,0.28614389,0.43143004
3.2000,1.44144762,1.15785274,0.12127393,0.13690668,0.29459103,0.44340683
3.3000,1.42595736,1.16805074,0.12375918,0.14051783,0.30299024,0.45502261
3.4000,1.41053588,1.17838316,0.12621220,0.14409297,0.31134162,0.46627728
3.5000,1.39519937,1.18884858,0.12863518,0.14763245,0.31964530,0.47717147
3.6000,1.37996240,1.19944468,0.13103020,0.15113664,0.32790141,0.48770646
3.7000,1.36483818,1.21016845,0.13339917,0.15460588,0.33611005,0.49788418
3.8000,1.34983869,1.22101631,0.13574392,0.15804051,0.34427136,0.50770714
3.9000,1.33497478,1.23198423,0.13806613,0.16144089,0.35238548,0.51717840
4.0000,1.32025632,1.24306785,0.14036738,0.16480735,0.36045252,0.52630153
4.1000,1.30569223,1.25426254,0.14264914,0.16814023,0.36847262,0.53508058
4.2000,1.29129062,1.26556343,0.14491279,0.17143986,0.37644591,0.54352003
4.3000,1.27705875,1.27696549,0.14715961,0.17470657,0.38437254,0.55162478
4.4000,1.26300320,1.28846358,0.14939077,0.17794069,0.39225264,0.55940009
4.5000,1.24912979,1.30005242,0.15160740,0.18114255,0.40008635,0.56685158
4.6000,1.23544374,1.31172667,0.15381052,0.18431245,0.40787381,0.57398515
4.7000,1.22194961,1.32348095,0.15600107,0.18745073,0.41561517,0.58080700
4.8000,1.20865139,1.33530982,0.15817993,0.19055770,0.42331057,0.58732359
4.9000,1.19555250,1.34720783,0.16034793,0.19363365,0.43096016,0.59354157
5.0000,1.18265587,1.35916952,0.16250579,0.19667891,0.43856409,0.59946781
5.1000,1.16996388,1.37118945,0.16465422,0.19969378,0.44612251,0.60510933
5.2000,1.15747849,1.38326218,0.16679384,0.20267856,0.45363557,0.61047330
5.3000,1.14520117,1.39538230,0.16892523,0.20563355,0.46110342,0.61556699
5.4000,1.13313302,1.40754446,0.17104892,0.20855904,0.46852622,0.62039778
5.5000,1.12127470,1.41974333,0.17316540,0.21145533,0.47590413,0.62497310
5.6000,1.10962652,1.43197366,0.17527510,0.21432271,0.48323730,0.62930046
5.7000,1.09818846,1.44423023,0.17737842,0.21716146,0.49052589,0.63338734
5.8000,1.08696015,1.45650793,0.17947571,0.21997187,0.49777007,0.63724129
5.9000,1.07594093,1.46880171,0.18156731,0.22275422,0.50496998,0.64086979
6.0000,1.06512986,1.48110660,0.18365349,0.22550879,0.51212580,0.64428034
6.1000,1.05452572,1.49341772,0.18573451,0.22823585,0.51923770,0.64748036
6.2000,1.04412709,1.50573029,0.18781061,0.23093568,0.52630582,0.65047722
6.3000,1.03393230,1.51803964,0.18988198,0.23360855,0.53333035,0.65327822
6.4000,1.02393947,1.53034120,0.19194879,0.23625473,0.54031144,0.65589057
6.5000,1.01414657,1.54263051,0.19401119,0.23887448,0.54724927,0.65832138
6.6000,1.00455137,1.55490320,0.19606933,0.24146806,0.55414400,0.66057766
6.7000,0.99515151,1.56715507,0.19812329,0.24403573,0.56099581,0.66266628
6.8000,0.98594448,1.57938198,0.20017318,0.24657776,0.56780486,0.66459401
6.9000,0.97692766,1.59157997,0.20221906,0.24909439,0.57457132,0.66636744
7.0000,0.96809832,1.60374516,0.20426098,0.25158588,0.58129538,0.66799307
7.1000,0.95945363,1.61587382,0.20629900,0.25405248,0.58797719,0.66947722
7.2000,0.95099070,1.62796235,0.20833314,0.25649443,0.59461694,0.67082605
7.3000,0.94270655,1.64000727,0.21036340,0.25891198,0.60121480,0.67204559
7.4000,0.93459815,1.65200523,0.21238980,0.26130538,0.60777094,0.67314168
7.5000,0.92666243,1.66395302,0.21441233,0.26367486,0.61428555,0.67412001
7.6000,0.91889627,1.67584756,0.21643098,0.26602065,0.62075879,0.67498611
7.7000,0.91129654,1.68768588,0.21844571,0.26834301,0.62719084,0.67574531
7.8000,0.90386007,1.69946517,0.22045649,0.27064215,0.63358189,0.67640281
7.9000,0.89658370,1.71118273,0.22246329,0.27291831,0.63993211,0.67696361
8.0000,0.88946425,1.72283600,0.22446605,0.27517171,0.64624167,0.67743256
8.1000,0.88249855,1.73442252,0.22646473,0.27740259,0.65251077,0.67781433
8.2000,0.87568344,1.74594000,0.22845928,0.27961117,0.65873957,0.67811343
8.3000,0.86901576,1.75738623,0.23044962,0.28179767,0.66492826,0.67833419
8.4000,0.86249239,1.76875914,0.23243569,0.28396230,0.67107702,0.67848079
8.5000,0.85611022,1.78005678,0.23441743,0.28610529,0.67718603,0.67855725
8.6000,0.84986617,1.79127732,0.23639477,0.28822686,0.68325547,0.67856742
8.7000,0.84375720,1.80241904,0.23836763,0.29032720,0.68928552,0.67851499
8.8000,0.83778030,1.81348032,0.24033593,0.29240654,0.69527636,0.67840351
8.9000,0.83193250,1.82445966,0.24229960,0.29446508,0.70122818,0.67823636
9.0000,0.82621086,1.83535567,0.24425856,0.29650304,0.70714116,0.67801680
9.1000,0.82061250,1.84616706,0.24621272,0.29852061,0.71301548,0.67774793
9.2000,0.81513457,1.85689264,0.24816202,0.30051799,0.71885132,0.67743270
9.3000,0.80977428,1.86753132,0.25010636,0.30249540,0.72464887,0.67707395
9.4000,0.80452889,1.87808209,0.25204567,0.30445302,0.73040831,0.67667437
9.5000,0.79939568,1.88854406,0.25397987,0.30639106,0.73612983,0.67623652
9.6000,0.79437203,1.89891639,0.25590887,0.30830970,0.74181360,0.67576285
9.7000,0.78945532,1.90919837,0.25783259,0.31020915,0.74745981,0.67525569
9.8000,0.78464301,1.91938934,0.25975095,0.31208958,0.75306865,0.67471724
9.9000,0.77993262,1.92948873,0.26166388,0.31395120,0.75864029,0.67414960
10.0000,0.77532169,1.93949605,0.26357129,0.31579419,0.76417493,0.67355475
10.1000,0.77080785,1.94941088,0.26547310,0.31761873,0.76967274,0.67293459
10.2000,0.76638875,1.95923286,0.26736925,0.31942501,0.77513391,0.67229090
10.3000,0.76206212,1.96896172,0.26925965,0.32121321,0.78055862,0.67162538
10.4000,0.75782571,1.97859724,0.27114422,0.32298351,0.78594706,0.67093962
10.5000,0.75367735,1.98813928,0.27302291,0.32473609,0.79129941,0.67023514
10.6000,0.74961491,1.99758772,0.27489562,0.32647112,0.79661586,0.66951336
10.7000,0.74563630,2.00694254,0.27676230,0.32818877,0.80189658,0.66877565
10.8000,0.74173951,2.01620375,0.27862287,0.32988923,0.80714176,0.66802327
10.9000,0.73792254,2.02537142,0.28047727,0.33157266,0.81235159,0.66725743
11.0000,0.73418347,2.03444567,0.28232543,0.33323924,0.81752624,0.66647925
11.1000,0.73052042,2.04342667,0.28416729,0.33488912,0.82266591,0.66568981
11.2000,0.72693153,2.05231461,0.28600278,0.33652248,0.82777077,0.66489010
11.3000,0.72341503,2.06110976,0.28783184,0.33813947,0.83284100,0.66408107
11.4000,0.71996917,2.06981241,0.28965442,0.33974027,0.83787680,0.66326361
11.5000,0.71659224,2.07842288,0.29147045,0.34132504,0.84287833,0.66243855
11.6000,0.71328259,2.08694155,0.29327988,0.34289393,0.84784579,0.66160668
11.7000,0.71003859,2.09536880,0.29508266,0.34444710,0.85277936,0.66076872
11.8000,0.70685869,2.10370507,0.29687874,0.34598471,0.85767921,0.65992538
11.9000,0.70374133,2.11195082,0.29866805,0.34750691,0.86254553,0.65907728
12.0000,0.70068503,2.12010654,0.30045056,0.34901387,0.86737850,0.65822505
12.1000,0.69768834,2.12817275,0.30222622,0.35050572,0.87217830,0.65736924
12.2000,0.69474983,2.13614998,0.30399497,0.35198262,0.87694511,0.65651039
12.3000,0.69186813,2.14403880,0.30575678,0.35344471,0.88167911,0.65564899
12.4000,0.68904189,2.15183979,0.30751161,0.35489216,0.88638048,0.65478552
12.5000,0.68626980,2.15955356,0.30925941,0.35632509,0.89104940,0.65392040
12.6000,0.68355059,2.16718073,0.31100014,0.35774366,0.89568605,0.65305403
12.7000,0.68088302,2.17472195,0.31273377,0.35914801,0.90029061,0.65218681
12.8000,0.67826588,2.18217786,0.31446026,0.36053829,0.90486326,0.65131908
12.9000,0.67569800,2.18954915,0.31617958,0.36191462,0.90940417,0.65045118
13.0000,0.67317822,2.19683650,0.31789169,0.36327715,0.91391353,0.64958341
13.1000,0.67070544,2.20404060,0.31959656,0.36462603,0.91839150,0.64871607
13.2000,0.66827857,2.21116216,0.32129417,0.36596137,0.92283828,0.64784942
13.3000,0.66589655,2.21820191,0.32298448,0.36728333,0.92725402,0.64698371
13.4000,0.66355835,2.22516057,0.32466746,0.36859202,0.93163892,0.64611918
13.5000,0.66126297,2.23203887,0.32634310,0.36988760,0.93599314,0.64525604
13.6000,0.65900944,2.23883757,0.32801137,0.37117017,0.94031687,0.64439450
13.7000,0.65679680,2.24555741,0.32967224,0.37243989,0.94461027,0.64353476
13.8000,0.65462412,2.25219916,0.33132570,0.37369686,0.94887352,0.64267697
13.9000,0.65249052,2.25876356,0.33297172,0.37494123,0.95310679,0.64182132
14.0000,0.65039510,2.26525139,0.33461029,0.37617311,0.95731027,0.64096796
14.1000,0.64833701,2.27166341,0.33624138,0.37739263,0.96148411,0.64011702
14.2000,0.64631543,2.27800040,0.33786499,0.37859992,0.96562849,0.63926864
14.3000,0.64432954,2.28426313,0.33948110,0.37979509,0.96974359,0.63842294
14.4000,0.64237854,2.29045237,0.34108970,0.38097827,0.97382958,0.63758005
14.5000,0.64046168,2.29656890,0.34269076,0.38214958,0.97788662,0.63674007
14.6000,0.63857820,2.30261350,0.34428429,0.38330913,0.98191490,0.63590310
14.7000,0.63672737,2.30858694,0.34587027,0.38445704,0.98591457,0.63506923
14.8000,0.63490848,2.31449000,0.34744869,0.38559343,0.98988580,0.63423855
14.9000,0.63312083,2.32032345,0.34901955,0.38671841,0.99382877,0.63341114
15.0000,0.63136375,2.32608807,0.35058283,0.38783210,0.99774365,0.63258709
15.1000,0.62963658,2.33178462,0.35213854,0.38893462,1.00163060,0.63176645
15.2000,0.62793869,2.33741387,0.35368667,0.39002606,1.00548979,0.63094930
15.3000,0.62626943,2.34297660,0.35522721,0.39110654,1.00932138,0.63013570
15.4000,0.62462821,2.34847355,0.35676016,0.39217618,1.01312554,0.62932571
15.5000,0.62301443,2.35390550,0.35828553,0.39323507,1.01690245,0.62851937
15.6000,0.62142751,2.35927319,0.35980330,0.39428333,1.02065225,0.62771675
15.7000,0.61986688,2.36457739,0.36131349,0.39532107,1.02437512,0.62691788
15.8000,0.61833200,2.36981882,0.36281608,0.39634838,1.02807123,0.62612281
15.9000,0.61682233,2.37499825,0.36431110,0.39736537,1.03174072,0.62533158
16.0000,0.61533734,2.38011640,0.36579852,0.39837215,1.03538377,0.62454422
16.1000,0.61387652,2.38517401,0.36727837,0.39936882,1.03900054,0.62376079
16.2000,0.61243938,2.39017181,0.36875065,0.40035547,1.04259119,0.62298130
16.3000,0.61102542,2.39511052,0.37021535,0.40133222,1.04615588,0.62220578
16.4000,0.60963418,2.39999086,0.37167249,0.40229915,1.04969477,0.62143427
16.5000,0.60826520,2.40481353,0.37312208,0.40325636,1.05320802,0.62066680
16.6000,0.60691801,2.40957925,0.37456412,0.40420396,1.05669579,0.61990338
16.7000,0.60559219,2.41428872,0.37599861,0.40514203,1.06015824,0.61914404
16.8000,0.60428729,2.41894262,0.37742558,0.40607068,1.06359552,0.61838880
16.9000,0.60300291,2.42354165,0.37884503,0.40699000,1.06700779,0.61763769
17.0000,0.60173863,2.42808649,0.38025696,0.40790008,1.07039522,0.61689071
17.1000,0.60049406,2.43257781,0.38166140,0.40880101,1.07375794,0.61614788
17.2000,0.59926880,2.43701628,0.38305834,0.40969288,1.07709613,0.61540923
17.3000,0.59806247,2.44140257,0.38444782,0.41057579,1.08040993,0.61467476
17.4000,0.59687470,2.44573733,0.38582983,0.41144983,1.08369950,0.61394449
17.5000,0.59570514,2.45002120,0.38720439,0.41231508,1.08696499,0.61321843
17.6000,0.59455342,2.45425484,0.38857152,0.41317163,1.09020655,0.61249658
17.7000,0.59341919,2.45843888,0.38993122,0.41401956,1.09342434,0.61177897
17.8000,0.59230213,2.46257394,0.39128353,0.41485897,1.09661851,0.61106559
17.9000,0.59120190,2.46666065,0.39262844,0.41568995,1.09978920,0.61035645
18.0000,0.59011818,2.47069962,0.39396598,0.41651256,1.10293657,0.60965157
18.1000,0.58905065,2.47469147,0.39529617,0.41732690,1.10606077,0.60895094
18.2000,0.58799901,2.47863679,0.39661902,0.41813306,1.10916194,0.60825458
18.3000,0.58696296,2.48253618,0.39793454,0.41893110,1.11224024,0.60756247
18.4000,0.58594220,2.48639023,0.39924277,0.41972112,1.11529581,0.60687464
18.5000,0.58493644,2.49019952,0.40054371,0.42050319,1.11832879,0.60619107
18.6000,0.58394541,2.49396463,0.40183738,0.42127740,1.12133934,0.60551178
18.7000,0.58296883,2.49768611,0.40312381,0.42204381,1.12432760,0.60483676
18.8000,0.58200644,2.50136455,0.40440302,0.42280252,1.12729372,0.60416600
18.9000,0.58105796,2.50500048,0.40567502,0.42355359,1.13023783,0.60349952
19.0000,0.58012316,2.50859445,0.40693983,0.42429711,1.13316008,0.60283731
19.1000,0.57920176,2.51214702,0.40819748,0.42503314,1.13606062,0.60217936
19.2000,0.57829354,2.51565870,0.40944799,0.42576177,1.13893958,0.60152568
19.3000,0.57739825,2.51913004,0.41069138,0.42648307,1.14179711,0.60087625
19.4000,0.57651566,2.52256154,0.41192767,0.42719710,1.14463334,0.60023109
19.5000,0.57564553,2.52595374,0.41315688,0.42790395,1.14744843,0.59959017
19.6000,0.57478765,2.52930713,0.41437904,0.42860369,1.15024250,0.59895350
19.7000,0.57394180,2.53262221,0.41559417,0.42929638,1.15301570,0.59832107
19.8000,0.57310775,2.53589948,0.41680229,0.42998210,1.15576816,0.59769287
19.9000,0.57228531,2.53913944,0.41800343,0.43066092,1.15850002,0.59706890
20.0000,0.57147427,2.54234256,0.41919761,0.43133290,1.16121142,0.59644915
20.1000,0.57067443,2.54550932,0.42038485,0.43199812,1.16390250,0.59583361
20.2000,0.56988558,2.54864019,0.42156518,0.43265664,1.16657338,0.59522227
20.3000,0.56910755,2.55173563,0.42273862,0.43330853,1.16922421,0.59461513
20.4000,0.56834013,2.55479610,0.42390520,0.43395386,1.17185511,0.59401217
20.5000,0.56758315,2.55782206,0.42506495,0.43459269,1.17446623,0.59341338
20.6000,0.56683643,2.56081395,0.42621788,0.43522508,1.17705769,0.59281876
20.7000,0.56609979,2.56377221,0.42736402,0.43585111,1.17962962,0.59222829
20.8000,0.56537305,2.56669727,0.42850341,0.43647083,1.18218216,0.59164195
20.9000,0.56465606,2.56958957,0.42963605,0.43708430,1.18471544,0.59105975
21.0000,0.56394864,2.57244952,0.43076199,0.43769160,1.18722958,0.59048167
21.1000,0.56325063,2.57527754,0.43188125,0.43829278,1.18972472,0.58990769
21.2000,0.56256187,2.57807404,0.43299385,0.43888791,1.19220098,0.58933780
21.3000,0.56188221,2.58083944,0.43409982,0.43947704,1.19465850,0.58877199
21.4000,0.56121150,2.58357412,0.43519918,0.44006023,1.19709740,0.58821025
21.5000,0.56054958,2.58627849,0.43629197,0.44063755,1.19951780,0.58765256
21.6000,0.55989631,2.58895292,0.43737821,0.44120905,1.20191983,0.58709890
21.7000,0.55925156,2.59159782,0.43845793,0.44177479,1.20430362,0.58654927
21.8000,0.55861516,2.59421355,0.43953115,0.44233484,1.20666930,0.58600364
21.9000,0.55798700,2.59680049,0.44059790,0.44288923,1.20901698,0.58546200
22.0000,0.55736694,2.59935900,0.44165822,0.44343804,1.21134678,0.58492434
22.1000,0.55675484,2.60188946,0.44271212,0.44398132,1.21365884,0.58439064
22.2000,0.55615057,2.60439221,0.44375963,0.44451912,1.21595327,0.58386089
22.3000,0.55555401,2.60686762,0.44480079,0.44505151,1.21823020,0.58333506
22.4000,0.55496504,2.60931602,0.44583561,0.44557852,1.22048974,0.58281314
22.5000,0.55438353,2.61173777,0.44686414,0.44610022,1.22273202,0.58229512
22.6000,0.55380936,2.61413320,0.44788639,0.44661666,1.22495714,0.58178097
22.7000,0.55324242,2.61650264,0.44890239,0.44712790,1.22716525,0.58127068
22.8000,0.55268259,2.61884643,0.44991218,0.44763398,1.22935644,0.58076424
22.9000,0.55212976,2.62116489,0.45091578,0.44813496,1.23153083,0.58026162
23.0000,0.55158382,2.62345834,0.45191321,0.44863088,1.23368856,0.57976280
23.1000,0.55104466,2.62572709,0.45290452,0.44912181,1.23582972,0.57926777
23.2000,0.55051217,2.62797146,0.45388972,0.44960778,1.23795444,0.57877652
23.3000,0.54998626,2.63019176,0.45486884,0.45008885,1.24006282,0.57828901
23.4000,0.54946682,2.63238828,0.45584192,0.45056507,1.24215500,0.57780523
23.5000,0.54895375,2.63456132,0.45680897,0.45103649,1.24423106,0.57732517
23.6000,0.54844695,2.63671119,0.45777004,0.45150315,1.24629114,0.57684880
23.7000,0.54794632,2.63883816,0.45872514,0.45196511,1.24833534,0.57637610
23.8000,0.54745178,2.64094253,0.45967431,0.45242240,1.25036377,0.57590707
23.9000,0.54696323,2.64302457,0.46061758,0.45287508,1.25237655,0.57544166
24.0000,0.54648057,2.64508457,0.46155497,0.45332319,1.25437378,0.57497987
24.1000,0.54600372,2.64712279,0.46248651,0.45376679,1.25635558,0.57452168
24.2000,0.54553260,2.64913952,0.46341223,0.45420590,1.25832204,0.57406707
24.3000,0.54506711,2.65113501,0.46433216,0.45464059,1.26027329,0.57361601
24.4000,0.54460717,2.65310952,0.46524633,0.45507088,1.26220942,0.57316849
24.5000,0.54415270,2.65506333,0.46615477,0.45549684,1.26413055,0.57272449
24.6000,0.54370361,2.65699668,0.46705750,0.45591850,1.26603678,0.57228398
24.7000,0.54325984,2.65890982,0.46795455,0.45633590,1.26792822,0.57184695
24.8000,0.54282129,2.66080300,0.46884596,0.45674908,1.26980497,0.57141337
24.9000,0.54238790,2.66267647,0.46973175,0.45715810,1.27166714,0.57098323
25.0000,0.54195958,2.66453046,0.47061195,0.45756299,1.27351483,0.57055651
25.1000,0.54153627,2.66636523,0.47148659,0.45796379,1.27534814,0.57013317
25.2000,0.54111789,2.66818099,0.47235569,0.45836054,1.27716717,0.56971322
25.3000,0.54070437,2.66997798,0.47321929,0.45875329,1.27897204,0.56929661
25.4000,0.54029563,2.67175644,0.47407741,0.45914207,1.28076283,0.56888334
25.5000,0.53989162,2.67351658,0.47493009,0.45952692,1.28253966,0.56847338
25.6000,0.53949226,2.67525863,0.47577734,0.45990789,1.28430261,0.56806671
25.7000,0.53909749,2.67698280,0.47661921,0.46028502,1.28605180,0.56766331
25.8000,0.53870724,2.67868931,0.47745571,0.46065833,1.28778731,0.56726316
25.9000,0.53832144,2.68037837,0.47828688,0.46102787,1.28950925,0.56686624
26.0000,0.53794004,2.68205020,0.47911273,0.46139369,1.29121771,0.56647253
26.1000,0.53756297,2.68370500,0.47993332,0.46175580,1.29291280,0.56608201
26.2000,0.53719017,2.68534297,0.48074865,0.46211426,1.29459461,0.56569465
26.3000,0.53682159,2.68696431,0.48155875,0.46246910,1.29626323,0.56531044
26.4000,0.53645715,2.68856922,0.48236367,0.46282035,1.29791875,0.56492935
26.5000,0.53609682,2.69015791,0.48316342,0.46316805,1.29956129,0.56455137
26.6000,0.53574052,2.69173055,0.48395803,0.46351224,1.30119092,0.56417647
26.7000,0.53538820,2.69328735,0.48474753,0.46385295,1.30280775,0.56380464
26.8000,0.53503981,2.69482848,0.48553194,0.46419022,1.30441186,0.56343585
26.9000,0.53469530,2.69635413,0.48631130,0.46452409,1.30600334,0.56307008
27.0000,0.53435460,2.69786449,0.48708564,0.46485457,1.30758230,0.56270731
27.1000,0.53401768,2.69935973,0.48785497,0.46518172,1.30914882,0.56234752
27.2000,0.53368448,2.70084004,0.48861933,0.46550556,1.31070299,0.56199069
27.3000,0.53335494,2.70230558,0.48937874,0.46582613,1.31224490,0.56163680
27.4000,0.53302902,2.70375653,0.49013324,0.46614346,1.31377464,0.56128584
27.5000,0.53270667,2.70519306,0.49088285,0.46645758,1.31529231,0.56093777
27.6000,0.53238784,2.70661534,0.49162759,0.46676852,1.31679798,0.56059258
27.7000,0.53207249,2.70802353,0.49236750,0.46707632,1.31829175,0.56025024
27.8000,0.53176057,2.70941779,0.49310260,0.46738101,1.31977370,0.55991075
27.9000,0.53145203,2.71079829,0.49383292,0.46768262,1.32124392,0.55957407
28.0000,0.53114683,2.71216519,0.49455848,0.46798118,1.32270250,0.55924020
28.1000,0.53084492,2.71351864,0.49527931,0.46827672,1.32414952,0.55890910
28.2000,0.53054626,2.71485879,0.49599544,0.46856927,1.32558507,0.55858075
28.3000,0.53025082,2.71618580,0.49670690,0.46885886,1.32700924,0.55825515
28.4000,0.52995854,2.71749982,0.49741370,0.46914552,1.32842209,0.55793226
28.5000,0.52966938,2.71880100,0.49811589,0.46942929,1.32982373,0.55761208
28.6000,0.52938331,2.72008949,0.49881348,0.46971018,1.33121423,0.55729457
28.7000,0.52910029,2.72136542,0.49950649,0.46998823,1.33259368,0.55697972
28.8000,0.52882027,2.72262894,0.50019497,0.47026347,1.33396215,0.55666751
28.9000,0.52854322,2.72388019,0.50087893,0.47053593,1.33531973,0.55635792
29.0000,0.52826910,2.72511931,0.50155840,0.47080563,1.33666650,0.55605093
29.1000,0.52799787,2.72634644,0.50223340,0.47107260,1.33800254,0.55574653
29.2000,0.52772949,2.72756170,0.50290396,0.47133687,1.33932793,0.55544468
29.3000,0.52746394,2.72876525,0.50357011,0.47159846,1.34064275,0.55514538
29.4000,0.52720117,2.72995719,0.50423187,0.47185741,1.34194707,0.55484860
29.5000,0.52694114,2.73113768,0.50488927,0.47211374,1.34324098,0.55455433
29.6000,0.52668383,2.73230682,0.50554233,0.47236747,1.34452455,0.55426255
29.7000,0.52642920,2.73346475,0.50619108,0.47261864,1.34579786,0.55397323
29.8000,0.52617722,2.73461160,0.50683554,0.47286726,1.34706099,0.55368636
29.9000,0.52592784,2.73574749,0.50747574,0.47311337,1.34831401,0.55340192
30.0000,0.52568105,2.73687253,0.50811170,0.47335698,1.34955700,0.55311989
30.1000,0.52543681,2.73798685,0.50874346,0.47359813,1.35079004,0.55284026
30.2000,0.52519508,2.73909056,0.50937102,0.47383684,1.35201319,0.55256300
30.3000,0.52495584,2.74018379,0.50999443,0.47407313,1.35322654,0.55228810
30.4000,0.52471906,2.74126664,0.51061369,0.47430703,1.35443015,0.55201554
30.5000,0.52448470,2.74233924,0.51122885,0.47453856,1.35562410,0.55174530
30.6000,0.52425274,2.74340168,0.51183991,0.47476775,1.35680846,0.55147736
30.7000,0.52402314,2.74445410,0.51244692,0.47499461,1.35798331,0.55121171
30.8000,0.52379588,2.74549658,0.51304988,0.47521918,1.35914871,0.55094832
30.9000,0.52357093,2.74652924,0.51364883,0.47544147,1.36030474,0.55068718
31.0000,0.52334826,2.74755219,0.51424378,0.47566152,1.36145147,0.55042828
31.1000,0.52312785,2.74856553,0.51483477,0.47587933,1.36258897,0.55017159
31.2000,0.52290966,2.74956937,0.51542181,0.47609494,1.36371730,0.54991709
31.3000,0.52269368,2.75056380,0.51600494,0.47630836,1.36483654,0.54966478
31.4000,0.52247987,2.75154893,0.51658416,0.47651962,1.36594676,0.54941463
31.5000,0.52226820,2.75252487,0.51715952,0.47672874,1.36704802,0.54916663
31.6000,0.52205866,2.75349169,0.51773102,0.47693575,1.36814040,0.54892075
31.7000,0.52185122,2.75444951,0.51829870,0.47714065,1.36922395,0.54867699
31.8000,0.52164585,2.75539842,0.51886258,0.47734348,1.37029875,0.54843532
31.9000,0.52144253,2.75633852,0.51942268,0.47754425,1.37136487,0.54819574
32.0000,0.52124123,2.75726989,0.51997901,0.47774299,1.37242236,0.54795821
32.1000,0.52104194,2.75819264,0.52053162,0.47793972,1.37347130,0.54772273
32.2000,0.52084462,2.75910684,0.52108051,0.47813445,1.37451175,0.54748928
32.3000,0.52064925,2.76001260,0.52162572,0.47832721,1.37554378,0.54725784
32.4000,0.52045582,2.76091000,0.52216726,0.47851801,1.37656744,0.54702840
32.5000,0.52026430,2.76179913,0.52270515,0.47870688,1.37758281,0.54680094
32.6000,0.52007466,2.76268007,0.52323943,0.47889383,1.37858994,0.54657545
32.7000,0.51988689,2.76355292,0.52377010,0.47907889,1.37958891,0.54635191
32.8000,0.51970096,2.76441774,0.52429720,0.47926208,1.38057976,0.54613030
32.9000,0.51951686,2.76527464,0.52482074,0.47944340,1.38156257,0.54591061
33.0000,0.51933455,2.76612369,0.52534075,0.47962289,1.38253740,0.54569282
33.1000,0.51915403,2.76696498,0.52585725,0.47980056,1.38350431,0.54547692
33.2000,0.51897527,2.76779857,0.52637026,0.47997642,1.38446335,0.54526289
33.3000,0.51879825,2.76862456,0.52687981,0.48015051,1.38541459,0.54505072
33.4000,0.51862295,2.76944303,0.52738590,0.48032282,1.38635808,0.54484039
33.5000,0.51844936,2.77025404,0.52788857,0.48049339,1.38729390,0.54463189
33.6000,0.51827744,2.77105767,0.52838784,0.48066223,1.38822209,0.54442520
33.7000,0.51810719,2.77185401,0.52888373,0.48082936,1.38914272,0.54422031
33.8000,0.51793859,2.77264313,0.52937625,0.48099479,1.39005585,0.54401720
33.9000,0.51777161,2.77342509,0.52986543,0.48115854,1.39096152,0.54381586
34.0000,0.51760624,2.77419998,0.53035129,0.48132063,1.39185981,0.54361627
34.1000,0.51744246,2.77496786,0.53083386,0.48148108,1.39275076,0.54341842
34.2000,0.51728025,2.77572881,0.53131314,0.48163990,1.39363443,0.54322229
34.3000,0.51711960,2.77648290,0.53178917,0.48179711,1.39451089,0.54302788
34.4000,0.51696049,2.77723019,0.53226196,0.48195272,1.39538017,0.54283517
34.5000,0.51680290,2.77797076,0.53273154,0.48210675,1.39624235,0.54264413
34.6000,0.51664681,2.77870467,0.53319792,0.48225922,1.39709748,0.54245477
34.7000,0.51649221,2.77943199,0.53366112,0.48241015,1.39794561,0.54226706
34.8000,0.51633909,2.78015279,0.53412116,0.48255954,1.39878679,0.54208099
34.9000,0.51618741,2.78086713,0.53457807,0.48270741,1.39962108,0.54189656
35.0000,0.51603718,2.78157507,0.53503186,0.48285379,1.40044853,0.54171373
35.1000,0.51588837,2.78227669,0.53548255,0.48299867,1.40126920,0.54153251
35.2000,0.51574098,2.78297204,0.53593017,0.48314209,1.40208314,0.54135287
35.3000,0.51559497,2.78366119,0.53637473,0.48328405,1.40289040,0.54117481
35.4000,0.51545034,2.78434419,0.53681625,0.48342457,1.40369103,0.54099832
35.5000,0.51530708,2.78502111,0.53725475,0.48356366,1.40448509,0.54082337
35.6000,0.51516517,2.78569202,0.53769025,0.48370134,1.40527262,0.54064995
35.7000,0.51502458,2.78635696,0.53812277,0.48383762,1.40605368,0.54047806
35.8000,0.51488532,2.78701600,0.53855232,0.48397252,1.40682832,0.54030768
35.9000,0.51474737,2.78766919,0.53897894,0.48410605,1.40759658,0.54013880
36.0000,0.51461071,2.78831660,0.53940263,0.48423822,1.40835852,0.53997140
36.1000,0.51447532,2.78895828,0.53982341,0.48436905,1.40911419,0.53980548
36.2000,0.51434120,2.78959428,0.54024130,0.48449855,1.40986363,0.53964102
36.3000,0.51420833,2.79022467,0.54065633,0.48462673,1.41060690,0.53947800
36.4000,0.51407670,2.79084949,0.54106851,0.48475362,1.41134405,0.53931642
36.5000,0.51394630,2.79146881,0.54147785,0.48487921,1.41207511,0.53915627
36.6000,0.51381710,2.79208267,0.54188438,0.48500353,1.41280015,0.53899753
36.7000,0.51368911,2.79269113,0.54228812,0.48512658,1.41351920,0.53884019
36.8000,0.51356230,2.79329424,0.54268907,0.48524838,1.41423231,0.53868424
36.9000,0.51343667,2.79389205,0.54308727,0.48536895,1.41493953,0.53852966
37.0000,0.51331220,2.79448461,0.54348272,0.48548829,1.41564091,0.53837645
37.1000,0.51318888,2.79507199,0.54387545,0.48560642,1.41633650,0.53822459
37.2000,0.51306669,2.79565421,0.54426547,0.48572334,1.41702633,0.53807408
37.3000,0.51294564,2.79623134,0.54465280,0.48583908,1.41771045,0.53792490
37.4000,0.51282569,2.79680343,0.54503746,0.48595364,1.41838891,0.53777704
37.5000,0.51270685,2.79737051,0.54541947,0.48606704,1.41906176,0.53763048
37.6000,0.51258911,2.79793265,0.54579884,0.48617928,1.41972903,0.53748523
37.7000,0.51247244,2.79848988,0.54617558,0.48629039,1.42039078,0.53734126
37.8000,0.51235684,2.79904226,0.54654972,0.48640036,1.42104704,0.53719857
37.9000,0.51224230,2.79958982,0.54692128,0.48650921,1.42169786,0.53705714
38.0000,0.51212880,2.80013263,0.54729026,0.48661696,1.42234328,0.53691697
38.1000,0.51201635,2.80067072,0.54765670,0.48672361,1.42298335,0.53677804
38.2000,0.51190492,2.80120413,0.54802059,0.48682918,1.42361810,0.53664034
38.3000,0.51179450,2.80173291,0.54838197,0.48693368,1.42424758,0.53650387
38.4000,0.51168509,2.80225711,0.54874084,0.48703711,1.42487184,0.53636861
38.5000,0.51157668,2.80277677,0.54909722,0.48713949,1.42549090,0.53623455
38.6000,0.51146925,2.80329193,0.54945113,0.48724082,1.42610482,0.53610168
38.7000,0.51136279,2.80380263,0.54980259,0.48734113,1.42671364,0.53597000
38.8000,0.51125730,2.80430892,0.55015161,0.48744042,1.42731739,0.53583949
38.9000,0.51115277,2.80481083,0.55049820,0.48753869,1.42791611,0.53571014
39.0000,0.51104918,2.80530842,0.55084239,0.48763597,1.42850985,0.53558194
39.1000,0.51094653,2.80580171,0.55118418,0.48773225,1.42909865,0.53545488
39.2000,0.51084480,2.80629075,0.55152360,0.48782756,1.42968254,0.53532896
39.3000,0.51074399,2.80677559,0.55186066,0.48792190,1.43026156,0.53520415
39.4000,0.51064409,2.80725625,0.55219537,0.48801527,1.43083576,0.53508046
39.5000,0.51054509,2.80773277,0.55252775,0.48810770,1.43140516,0.53495788
39.6000,0.51044698,2.80820521,0.55285782,0.48819918,1.43196982,0.53483639
39.7000,0.51034976,2.80867358,0.55318559,0.48828974,1.43252976,0.53471598
39.8000,0.51025340,2.80913794,0.55351108,0.48837937,1.43308503,0.53459665
39.9000,0.51015791,2.80959832,0.55383430,0.48846809,1.43363566,0.53447839
40.0000,0.51006327,2.81005475,0.55415526,0.48855590,1.43418169,0.53436118
40.1000,0.50996949,2.81050728,0.55447399,0.48864283,1.43472316,0.53424502
40.2000,0.50987654,2.81095594,0.55479049,0.48872886,1.43526010,0.53412990
40.3000,0.50978442,2.81140076,0.55510478,0.48881402,1.43579255,0.53401581
40.4000,0.50969312,2.81184177,0.55541687,0.48889832,1.43632054,0.53390274
40.5000,0.50960264,2.81227903,0.55572679,0.48898175,1.43684411,0.53379068
40.6000,0.50951296,2.81271255,0.55603453,0.48906434,1.43736330,0.53367963
40.7000,0.50942409,2.81314238,0.55634013,0.48914608,1.43787815,0.53356957
40.8000,0.50933600,2.81356854,0.55664359,0.48922699,1.43838867,0.53346050
40.9000,0.50924870,2.81399108,0.55694493,0.48930708,1.43889492,0.53335241
41.0000,0.50916217,2.81441002,0.55724415,0.48938635,1.43939693,0.53324529
41.1000,0.50907641,2.81482539,0.55754128,0.48946481,1.43989472,0.53313913
41.2000,0.50899141,2.81523724,0.55783633,0.48954248,1.44038834,0.53303392
41.3000,0.50890716,2.81564559,0.55812932,0.48961935,1.44087782,0.53292966
41.4000,0.50882366,2.81605047,0.55842024,0.48969544,1.44136318,0.53282633
41.5000,0.50874089,2.81645192,0.55870913,0.48977075,1.44184447,0.53272393
41.6000,0.50865886,2.81684997,0.55899599,0.48984530,1.44232172,0.53262246
41.7000,0.50857755,2.81724464,0.55928084,0.48991908,1.44279496,0.53252189
41.8000,0.50849696,2.81763597,0.55956369,0.48999212,1.44326421,0.53242224
41.9000,0.50841708,2.81802399,0.55984455,0.49006441,1.44372952,0.53232347
42.0000,0.50833791,2.81840872,0.56012344,0.49013596,1.44419092,0.53222560
42.1000,0.50825943,2.81879021,0.56040037,0.49020678,1.44464844,0.53212861
42.2000,0.50818164,2.81916847,0.56067535,0.49027688,1.44510210,0.53203249
42.3000,0.50810453,2.81954354,0.56094840,0.49034627,1.44555194,0.53193724
42.4000,0.50802810,2.81991544,0.56121953,0.49041495,1.44599799,0.53184285
42.5000,0.50795234,2.82028421,0.56148875,0.49048293,1.44644029,0.53174931
42.6000,0.50787725,2.82064987,0.56175607,0.49055021,1.44687886,0.53165662
42.7000,0.50780281,2.82101245,0.56202151,0.49061681,1.44731373,0.53156476
42.8000,0.50772903,2.82137197,0.56228508,0.49068273,1.44774493,0.53147373
42.9000,0.50765589,2.82172847,0.56254680,0.49074798,1.44817249,0.53138352
43.0000,0.50758339,2.82208198,0.56280667,0.49081256,1.44859645,0.53129413
43.1000,0.50751152,2.82243251,0.56306470,0.49087648,1.44901683,0.53120555
43.2000,0.50744029,2.82278009,0.56332092,0.49093975,1.44943365,0.53111776
43.3000,0.50736967,2.82312476,0.56357533,0.49100238,1.44984696,0.53103078
43.4000,0.50729967,2.82346653,0.56382794,0.49106437,1.45025677,0.53094457
43.5000,0.50723027,2.82380544,0.56407877,0.49112572,1.45066312,0.53085915
43.6000,0.50716149,2.82414151,0.56432782,0.49118645,1.45106603,0.53077451
43.7000,0.50709330,2.82447476,0.56457512,0.49124655,1.45146554,0.53069063
43.8000,0.50702570,2.82480522,0.56482067,0.49130605,1.45186166,0.53060751
43.9000,0.50695869,2.82513291,0.56506448,0.49136493,1.45225443,0.53052514
44.0000,0.50689226,2.82545786,0.56530657,0.49142322,1.45264388,0.53044352
44.1000,0.50682641,2.82578010,0.56554694,0.49148091,1.45303003,0.53036264
44.2000,0.50676113,2.82609964,0.56578561,0.49153801,1.45341291,0.53028250
44.3000,0.50669641,2.82641651,0.56602260,0.49159453,1.45379254,0.53020308
44.4000,0.50663226,2.82673073,0.56625790,0.49165047,1.45416896,0.53012439
44.5000,0.50656866,2.82704233,0.56649154,0.49170584,1.45454218,0.53004641
44.6000,0.50650561,2.82735133,0.56672352,0.49176065,1.45491224,0.52996913
44.7000,0.50644310,2.82765776,0.56695386,0.49181489,1.45527916,0.52989256
44.8000,0.50638114,2.82796163,0.56718256,0.49186859,1.45564296,0.52981669
44.9000,0.50631971,2.82826297,0.56740964,0.49192173,1.45600368,0.52974151
45.0000,0.50625880,2.82856180,0.56763512,0.49197433,1.45636133,0.52966701
45.1000,0.50619843,2.82885814,0.56785899,0.49202639,1.45671594,0.52959319
45.2000,0.50613857,2.82915201,0.56808127,0.49207792,1.45706755,0.52952004
45.3000,0.50607923,2.82944344,0.56830197,0.49212893,1.45741616,0.52944756
45.4000,0.50602040,2.82973245,0.56852110,0.49217941,1.45776181,0.52937574
45.5000,0.50596208,2.83001906,0.56873868,0.49222938,1.45810452,0.52930458
45.6000,0.50590426,2.83030328,0.56895471,0.49227883,1.45844432,0.52923406
45.7000,0.50584693,2.83058515,0.56916920,0.49232779,1.45878122,0.52916419
45.8000,0.50579010,2.83086468,0.56938217,0.49237624,1.45911525,0.52909496
45.9000,0.50573375,2.83114189,0.56959362,0.49242419,1.45944645,0.52902635
46.0000,0.50567789,2.83141680,0.56980356,0.49247166,1.45977482,0.52895838
46.1000,0.50562251,2.83168943,0.57001202,0.49251864,1.46010039,0.52889102
46.2000,0.50556760,2.83195980,0.57021898,0.49256514,1.46042319,0.52882428
46.3000,0.50551316,2.83222793,0.57042448,0.49261116,1.46074324,0.52875816
46.4000,0.50545919,2.83249384,0.57062850,0.49265672,1.46106056,0.52869263
46.5000,0.50540567,2.83275755,0.57083108,0.49270181,1.46137517,0.52862771
46.6000,0.50535262,2.83301908,0.57103221,0.49274643,1.46168710,0.52856338
46.7000,0.50530002,2.83327845,0.57123190,0.49279060,1.46199636,0.52849964
46.8000,0.50524787,2.83353567,0.57143017,0.49283432,1.46230299,0.52843648
46.9000,0.50519616,2.83379077,0.57162703,0.49287760,1.46260700,0.52837390
47.0000,0.50514489,2.83404376,0.57182247,0.49292042,1.46290841,0.52831190
47.1000,0.50509407,2.83429466,0.57201653,0.49296282,1.46320724,0.52825046
47.2000,0.50504367,2.83454349,0.57220919,0.49300477,1.46350353,0.52818959
47.3000,0.50499370,2.83479027,0.57240049,0.49304630,1.46379728,0.52812928
47.4000,0.50494416,2.83503501,0.57259041,0.49308740,1.46408851,0.52806952
47.5000,0.50489504,2.83527773,0.57277897,0.49312809,1.46437726,0.52801031
47.6000,0.50484634,2.83551846,0.57296619,0.49316835,1.46466354,0.52795164
47.7000,0.50479805,2.83575720,0.57315207,0.49320821,1.46494736,0.52789352
47.8000,0.50475017,2.83599397,0.57333661,0.49324765,1.46522876,0.52783593
47.9000,0.50470270,2.83622879,0.57351984,0.49328670,1.46550775,0.52777886
48.0000,0.50465563,2.83646168,0.57370176,0.49332534,1.46578435,0.52772233
48.1000,0.50460896,2.83669266,0.57388237,0.49336359,1.46605857,0.52766631
48.2000,0.50456269,2.83692173,0.57406168,0.49340144,1.46633045,0.52761081
48.3000,0.50451681,2.83714892,0.57423972,0.49343891,1.46660000,0.52755582
48.4000,0.50447132,2.83737425,0.57441647,0.49347600,1.46686724,0.52750133
48.5000,0.50442621,2.83759772,0.57459196,0.49351270,1.46713218,0.52744735
48.6000,0.50438148,2.83781935,0.57476619,0.49354903,1.46739485,0.52739387
48.7000,0.50433714,2.83803917,0.57493917,0.49358499,1.46765527,0.52734088
48.8000,0.50429316,2.83825718,0.57511091,0.49362057,1.46791345,0.52728838
48.9000,0.50424956,2.83847340,0.57528142,0.49365580,1.46816942,0.52723636
49.0000,0.50420633,2.83868785,0.57545070,0.49369066,1.46842319,0.52718483
49.1000,0.50416346,2.83890054,0.57561877,0.49372517,1.46867478,0.52713377
49.2000,0.50412096,2.83911149,0.57578563,0.49375932,1.46892420,0.52708318
49.3000,0.50407881,2.83932070,0.57595129,0.49379312,1.46917148,0.52703306
49.4000,0.50403702,2.83952820,0.57611575,0.49382658,1.46941664,0.52698340
49.5000,0.50399558,2.83973400,0.57627904,0.49385969,1.46965969,0.52693421
49.6000,0.50395449,2.83993812,0.57644115,0.49389247,1.46990065,0.52688547
49.7000,0.50391375,2.84014057,0.57660210,0.49392490,1.47013953,0.52683718
49.8000,0.50387335,2.84034135,0.57676189,0.49395701,1.47037636,0.52678933
49.9000,0.50383329,2.84054050,0.57692053,0.49398879,1.47061115,0.52674193
50.0000,0.50379356,2.84073802,0.57707802,0.49402024,1.47084392,0.52669497
50.1000,0.50375417,2.84093392,0.57723438,0.49405136,1.47107468,0.52664845
50.2000,0.50371511,2.84112822,0.57738962,0.49408217,1.47130346,0.52660236
50.3000,0.50367638,2.84132093,0.57754373,0.49411267,1.47153026,0.52655669
50.4000,0.50363798,2.84151206,0.57769674,0.49414285,1.47175511,0.52651145
50.5000,0.50359990,2.84170164,0.57784864,0.49417272,1.47197802,0.52646663
50.6000,0.50356213,2.84188967,0.57799945,0.49420228,1.47219901,0.52642223
50.7000,0.50352469,2.84207616,0.57814917,0.49423154,1.47241809,0.52637823
50.8000,0.50348756,2.84226113,0.57829781,0.49426050,1.47263528,0.52633465
50.9000,0.50345074,2.84244459,0.57844538,0.49428917,1.47285060,0.52629147
51.0000,0.50341422,2.84262655,0.57859188,0.49431754,1.47306406,0.52624870
51.1000,0.50337802,2.84280703,0.57873732,0.49434562,1.47327568,0.52620632
51.2000,0.50334211,2.84298604,0.57888172,0.49437341,1.47348547,0.52616434
51.3000,0.50330651,2.84316359,0.57902507,0.49440091,1.47369344,0.52612275
51.4000,0.50327121,2.84333969,0.57916738,0.49442814,1.47389962,0.52608154
51.5000,0.50323620,2.84351435,0.57930867,0.49445508,1.47410402,0.52604072
51.6000,0.50320148,2.84368760,0.57944893,0.49448175,1.47430665,0.52600029
51.7000,0.50316706,2.84385943,0.57958818,0.49450814,1.47450752,0.52596022
51.8000,0.50313292,2.84402986,0.57972642,0.49453426,1.47470666,0.52592054
51.9000,0.50309906,2.84419891,0.57986367,0.49456012,1.47490408,0.52588122
52.0000,0.50306549,2.84436658,0.57999992,0.49458571,1.47509979,0.52584227
52.1000,0.50303220,2.84453289,0.58013518,0.49461103,1.47529380,0.52580368
52.2000,0.50299919,2.84469784,0.58026946,0.49463610,1.47548614,0.52576546
52.3000,0.50296645,2.84486145,0.58040278,0.49466091,1.47567681,0.52572759
52.4000,0.50293399,2.84502373,0.58053512,0.49468546,1.47586582,0.52569008
52.5000,0.50290180,2.84518469,0.58066651,0.49470976,1.47605320,0.52565292
52.6000,0.50286987,2.84534435,0.58079694,0.49473381,1.47623896,0.52561610
52.7000,0.50283821,2.84550271,0.58092643,0.49475762,1.47642311,0.52557963
52.8000,0.50280682,2.84565978,0.58105498,0.49478118,1.47660566,0.52554350
52.9000,0.50277568,2.84581557,0.58118260,0.49480450,1.47678662,0.52550772
53.0000,0.50274481,2.84597010,0.58130929,0.49482757,1.47696602,0.52547226
53.1000,0.50271419,2.84612337,0.58143506,0.49485042,1.47714386,0.52543714
53.2000,0.50268383,2.84627541,0.58155992,0.49487302,1.47732015,0.52540235
53.3000,0.50265372,2.84642620,0.58168387,0.49489540,1.47749492,0.52536789
53.4000,0.50262385,2.84657578,0.58180692,0.49491754,1.47766817,0.52533375
53.5000,0.50259424,2.84672414,0.58192908,0.49493946,1.47783991,0.52529993
53.6000,0.50256488,2.84687129,0.58205035,0.49496115,1.47801016,0.52526642
53.7000,0.50253575,2.84701726,0.58217074,0.49498262,1.47817893,0.52523324
53.8000,0.50250687,2.84716204,0.58229026,0.49500386,1.47834624,0.52520036
53.9000,0.50247823,2.84730564,0.58240891,0.49502489,1.47851209,0.52516780
54.0000,0.50244983,2.84744809,0.58252669,0.49504571,1.47867650,0.52513554
54.1000,0.50242166,2.84758938,0.58264361,0.49506630,1.47883948,0.52510358
54.2000,0.50239373,2.84772952,0.58275969,0.49508669,1.47900104,0.52507193
54.3000,0.50236602,2.84786853,0.58287492,0.49510687,1.47916120,0.52504057
54.4000,0.50233855,2.84800642,0.58298931,0.49512684,1.47931996,0.52500951
54.5000,0.50231131,2.84814318,0.58310287,0.49514660,1.47947734,0.52497875
54.6000,0.50228429,2.84827884,0.58321560,0.49516616,1.47963335,0.52494827
54.7000,0.50225749,2.84841341,0.58332751,0.49518552,1.47978800,0.52491808
54.8000,0.50223092,2.84854688,0.58343861,0.49520468,1.47994130,0.52488818
54.9000,0.50220456,2.84867927,0.58354890,0.49522364,1.48009327,0.52485856
55.0000,0.50217843,2.84881060,0.58365838,0.49524241,1.48024391,0.52482922
55.1000,0.50215251,2.84894086,0.58376706,0.49526099,1.48039324,0.52480015
55.2000,0.50212680,2.84907007,0.58387495,0.49527937,1.48054127,0.52477136
55.3000,0.50210131,2.84919823,0.58398206,0.49529756,1.48068801,0.52474285
55.4000,0.50207603,2.84932536,0.58408838,0.49531557,1.48083347,0.52471460
55.5000,0.50205096,2.84945146,0.58419393,0.49533339,1.48097765,0.52468662
55.6000,0.50202609,2.84957654,0.58429870,0.49535103,1.48112058,0.52465891
55.7000,0.50200143,2.84970061,0.58440271,0.49536848,1.48126227,0.52463146
55.8000,0.50197697,2.84982367,0.58450596,0.49538576,1.48140271,0.52460427
55.9000,0.50195272,2.84994575,0.58460846,0.49540286,1.48154193,0.52457734
56.0000,0.50192866,2.85006684,0.58471021,0.49541978,1.48167993,0.52455066
56.1000,0.50190481,2.85018695,0.58481122,0.49543653,1.48181673,0.52452424
56.2000,0.50188115,2.85030609,0.58491148,0.49545310,1.48195233,0.52449806
56.3000,0.50185768,2.85042427,0.58501102,0.49546951,1.48208675,0.52447214
56.4000,0.50183441,2.85054149,0.58510982,0.49548574,1.48221999,0.52444646
56.5000,0.50181134,2.85065777,0.58520791,0.49550181,1.48235207,0.52442103
56.6000,0.50178845,2.85077311,0.58530527,0.49551771,1.48248299,0.52439584
56.7000,0.50176575,2.85088752,0.58540192,0.49553345,1.48261277,0.52437089
56.8000,0.50174323,2.85100101,0.58549787,0.49554903,1.48274141,0.52434617
56.9000,0.50172091,2.85111359,0.58559311,0.49556444,1.48286892,0.52432170
57.0000,0.50169876,2.85122525,0.58568766,0.49557970,1.48299532,0.52429745
57.1000,0.50167680,2.85133602,0.58578151,0.49559480,1.48312061,0.52427344
57.2000,0.50165502,2.85144589,0.58587468,0.49560974,1.48324481,0.52424965
57.3000,0.50163342,2.85155488,0.58596716,0.49562453,1.48336791,0.52422610
57.4000,0.50161200,2.85166299,0.58605897,0.49563917,1.48348994,0.52420276
57.5000,0.50159075,2.85177022,0.58615010,0.49565365,1.48361090,0.52417965
57.6000,0.50156968,2.85187660,0.58624057,0.49566799,1.48373080,0.52415676
57.7000,0.50154878,2.85198211,0.58633037,0.49568218,1.48384965,0.52413409
57.8000,0.50152805,2.85208678,0.58641951,0.49569622,1.48396745,0.52411164
57.9000,0.50150749,2.85219060,0.58650800,0.49571012,1.48408423,0.52408940
58.0000,0.50148710,2.85229359,0.58659584,0.49572387,1.48419997,0.52406738
58.1000,0.50146688,2.85239575,0.58668303,0.49573748,1.48431471,0.52404556
58.2000,0.50144683,2.85249709,0.58676959,0.49575095,1.48442843,0.52402395
58.3000,0.50142694,2.85259761,0.58685551,0.49576428,1.48454116,0.52400256
58.4000,0.50140721,2.85269732,0.58694079,0.49577748,1.48465290,0.52398136
58.5000,0.50138765,2.85279623,0.58702545,0.49579054,1.48476366,0.52396037
58.6000,0.50136824,2.85289435,0.58710949,0.49580346,1.48487344,0.52393958
58.7000,0.50134900,2.85299167,0.58719292,0.49581625,1.48498226,0.52391899
58.8000,0.50132991,2.85308821,0.58727572,0.49582891,1.48509012,0.52389860
58.9000,0.50131098,2.85318398,0.58735792,0.49584143,1.48519704,0.52387841
59.0000,0.50129220,2.85327897,0.58743952,0.49585383,1.48530301,0.52385840
59.1000,0.50127358,2.85337321,0.58752052,0.49586610,1.48540806,0.52383860
59.2000,0.50125511,2.85346668,0.58760091,0.49587824,1.48551218,0.52381898
59.3000,0.50123679,2.85355940,0.58768072,0.49589026,1.48561538,0.52379955
59.4000,0.50121863,2.85365138,0.58775994,0.49590215,1.48571768,0.52378030
59.5000,0.50120061,2.85374262,0.58783858,0.49591392,1.48581907,0.52376125
59.6000,0.50118274,2.85383312,0.58791664,0.49592557,1.48591958,0.52374237
59.7000,0.50116501,2.85392290,0.58799412,0.49593710,1.48601919,0.52372368
59.8000,0.50114743,2.85401196,0.58807103,0.49594851,1.48611794,0.52370517
59.9000,0.50113000,2.85410030,0.58814738,0.49595980,1.48621581,0.52368684
60.0000,0.50111270,2.85418793,0.58822317,0.49597097,1.48631282,0.52366868
60.1000,0.50109555,2.85427486,0.58829839,0.49598203,1.48640897,0.52365070
60.2000,0.50107854,2.85436109,0.58837306,0.49599298,1.48650428,0.52363289
60.3000,0.50106167,2.85444662,0.58844718,0.49600381,1.48659875,0.52361526
60.4000,0.50104494,2.85453147,0.58852075,0.49601453,1.48669239,0.52359779
60.5000,0.50102834,2.85461564,0.58859379,0.49602513,1.48678520,0.52358050
60.6000,0.50101188,2.85469914,0.58866628,0.49603563,1.48687719,0.52356337
60.7000,0.50099555,2.85478196,0.58873824,0.49604602,1.48696837,0.52354641
60.8000,0.50097936,2.85486412,0.58880966,0.49605630,1.48705874,0.52352961
60.9000,0.50096330,2.85494562,0.58888056,0.49606648,1.48714832,0.52351298
61.0000,0.50094737,2.85502646,0.58895094,0.49607655,1.48723711,0.52349650
61.1000,0.50093157,2.85510666,0.58902079,0.49608652,1.48732511,0.52348019
61.2000,0.50091590,2.85518621,0.58909013,0.49609638,1.48741234,0.52346404
61.3000,0.50090035,2.85526513,0.58915896,0.49610614,1.48749879,0.52344804
61.4000,0.50088494,2.85534341,0.58922728,0.49611580,1.48758449,0.52343219
61.5000,0.50086965,2.85542106,0.58929509,0.49612536,1.48766942,0.52341651
61.6000,0.50085448,2.85549809,0.58936241,0.49613482,1.48775361,0.52340097
61.7000,0.50083944,2.85557451,0.58942922,0.49614418,1.48783705,0.52338558
61.8000,0.50082452,2.85565031,0.58949554,0.49615345,1.48791975,0.52337035
61.9000,0.50080973,2.85572550,0.58956137,0.49616262,1.48800173,0.52335526
62.0000,0.50079505,2.85580009,0.58962672,0.49617169,1.48808297,0.52334032
62.1000,0.50078050,2.85587409,0.58969158,0.49618067,1.48816350,0.52332553
62.2000,0.50076606,2.85594749,0.58975596,0.49618956,1.48824332,0.52331088
62.3000,0.50075174,2.85602030,0.58981986,0.49619836,1.48832243,0.52329637
62.4000,0.50073754,2.85609253,0.58988329,0.49620706,1.48840084,0.52328200
62.5000,0.50072345,2.85616417,0.58994625,0.49621567,1.48847856,0.52326778
62.6000,0.50070948,2.85623525,0.59000875,0.49622420,1.48855558,0.52325369
62.7000,0.50069562,2.85630576,0.59007078,0.49623264,1.48863193,0.52323974
62.8000,0.50068187,2.85637570,0.59013235,0.49624098,1.48870760,0.52322593
62.9000,0.50066824,2.85644508,0.59019347,0.49624925,1.48878260,0.52321225
63.0000,0.50065471,2.85651390,0.59025413,0.49625742,1.48885693,0.52319871
63.1000,0.50064130,2.85658218,0.59031435,0.49626552,1.48893061,0.52318530
63.2000,0.50062800,2.85664990,0.59037411,0.49627352,1.48900363,0.52317202
63.3000,0.50061480,2.85671709,0.59043344,0.49628145,1.48907601,0.52315887
63.4000,0.50060172,2.85678373,0.59049232,0.49628929,1.48914774,0.52314585
63.5000,0.50058874,2.85684985,0.59055077,0.49629705,1.48921884,0.52313295
63.6000,0.50057586,2.85691543,0.59060878,0.49630473,1.48928931,0.52312019
63.7000,0.50056309,2.85698049,0.59066637,0.49631233,1.48935915,0.52310755
63.8000,0.50055042,2.85704503,0.59072352,0.49631985,1.48942838,0.52309503
63.9000,0.50053786,2.85710905,0.59078025,0.49632730,1.48949698,0.52308264
64.0000,0.50052540,2.85717256,0.59083656,0.49633466,1.48956498,0.52307036
64.1000,0.50051304,2.85723556,0.59089246,0.49634195,1.48963238,0.52305821
64.2000,0.50050078,2.85729805,0.59094793,0.49634917,1.48969918,0.52304618
64.3000,0.50048862,2.85736005,0.59100300,0.49635631,1.48976538,0.52303427
64.4000,0.50047656,2.85742155,0.59105765,0.49636337,1.48983100,0.52302247
64.5000,0.50046460,2.85748256,0.59111190,0.49637036,1.48989603,0.52301079
64.6000,0.50045273,2.85754308,0.59116575,0.49637728,1.48996049,0.52299923
64.7000,0.50044096,2.85760311,0.59121919,0.49638413,1.49002437,0.52298778
64.8000,0.50042929,2.85766267,0.59127224,0.49639091,1.49008768,0.52297644
64.9000,0.50041771,2.85772175,0.59132490,0.49639761,1.49015043,0.52296521
65.0000,0.50040622,2.85778036,0.59137716,0.49640425,1.49021263,0.52295410
65.1000,0.50039483,2.85783849,0.59142903,0.49641082,1.49027427,0.52294309
65.2000,0.50038353,2.85789617,0.59148052,0.49641731,1.49033536,0.52293220
65.3000,0.50037233,2.85795338,0.59153162,0.49642375,1.49039591,0.52292141
65.4000,0.50036121,2.85801013,0.59158235,0.49643011,1.49045592,0.52291073
65.5000,0.50035019,2.85806644,0.59163270,0.49643641,1.49051539,0.52290015
65.6000,0.50033925,2.85812229,0.59168267,0.49644264,1.49057434,0.52288968
65.7000,0.50032840,2.85817769,0.59173227,0.49644881,1.49063276,0.52287932
65.8000,0.50031764,2.85823265,0.59178150,0.49645491,1.49069066,0.52286905
65.9000,0.50030697,2.85828717,0.59183036,0.49646095,1.49074805,0.52285889
66.0000,0.50029639,2.85834126,0.59187886,0.49646693,1.49080492,0.52284883
66.1000,0.50028589,2.85839491,0.59192700,0.49647284,1.49086129,0.52283887
66.2000,0.50027547,2.85844814,0.59197478,0.49647870,1.49091716,0.52282900
66.3000,0.50026514,2.85850094,0.59202220,0.49648449,1.49097252,0.52281924
66.4000,0.50025490,2.85855332,0.59206927,0.49649022,1.49102740,0.52280957
66.5000,0.50024473,2.85860528,0.59211599,0.49649589,1.49108178,0.52280000
66.6000,0.50023465,2.85865682,0.59216236,0.49650151,1.49113568,0.52279052
66.7000,0.50022466,2.85870795,0.59220838,0.49650706,1.49118910,0.52278114
66.8000,0.50021474,2.85875868,0.59225406,0.49651256,1.49124204,0.52277185
66.9000,0.50020490,2.85880899,0.59229940,0.49651800,1.49129451,0.52276266
67.0000,0.50019514,2.85885891,0.59234440,0.49652338,1.49134651,0.52275356
67.1000,0.50018547,2.85890843,0.59238907,0.49652871,1.49139805,0.52274454
67.2000,0.50017587,2.85895755,0.59243340,0.49653398,1.49144913,0.52273562
67.3000,0.50016634,2.85900628,0.59247740,0.49653920,1.49149975,0.52272679
67.4000,0.50015690,2.85905462,0.59252107,0.49654436,1.49154992,0.52271804
67.5000,0.50014753,2.85910258,0.59256442,0.49654947,1.49159964,0.52270938
67.6000,0.50013824,2.85915015,0.59260744,0.49655452,1.49164891,0.52270081
67.7000,0.50012902,2.85919734,0.59265014,0.49655952,1.49169775,0.52269233
67.8000,0.50011988,2.85924416,0.59269252,0.49656447,1.49174615,0.52268393
67.9000,0.50011081,2.85929060,0.59273459,0.49656937,1.49179412,0.52267561
68.0000,0.50010182,2.85933667,0.59277634,0.49657422,1.49184166,0.52266738
68.1000,0.50009289,2.85938237,0.59281777,0.49657902,1.49188877,0.52265923
68.2000,0.50008404,2.85942771,0.59285890,0.49658376,1.49193546,0.52265116
68.3000,0.50007527,2.85947268,0.59289972,0.49658846,1.49198174,0.52264317
68.4000,0.50006656,2.85951730,0.59294024,0.49659311,1.49202760,0.52263527
68.5000,0.50005792,2.85956156,0.59298045,0.49659771,1.49207305,0.52262744
68.6000,0.50004935,2.85960547,0.59302036,0.49660226,1.49211809,0.52261969
68.7000,0.50004086,2.85964902,0.59305997,0.49660676,1.49216273,0.52261202
68.8000,0.50003243,2.85969223,0.59309929,0.49661122,1.49220698,0.52260442
68.9000,0.50002407,2.85973510,0.59313831,0.49661563,1.49225082,0.52259691
69.0000,0.50001578,2.85977762,0.59317704,0.49662000,1.49229427,0.52258947
69.1000,0.50000755,2.85981980,0.59321548,0.49662432,1.49233734,0.52258210
69.2000,0.49999939,2.85986165,0.59325363,0.49662859,1.49238001,0.52257481
69.3000,0.49999130,2.85990316,0.59329150,0.49663282,1.49242231,0.52256759
69.4000,0.49998327,2.85994434,0.59332908,0.49663700,1.49246422,0.52256044
69.5000,0.49997531,2.85998519,0.59336638,0.49664115,1.49250577,0.52255337
69.6000,0.49996741,2.86002572,0.59340340,0.49664524,1.49254693,0.52254637
69.7000,0.49995958,2.86006592,0.59344014,0.49664930,1.49258773,0.52253944
69.8000,0.49995180,2.86010581,0.59347661,0.49665331,1.49262817,0.52253258
69.9000,0.49994410,2.86014537,0.59351281,0.49665728,1.49266824,0.52252579
70.0000,0.49993645,2.86018462,0.59354873,0.49666121,1.49270795,0.52251906
70.1000,0.49992887,2.86022355,0.59358438,0.49666510,1.49274730,0.52251241
70.2000,0.49992134,2.86026218,0.59361977,0.49666895,1.49278630,0.52250582
70.3000,0.49991388,2.86030050,0.59365489,0.49667275,1.49282496,0.52249930
70.4000,0.49990648,2.86033851,0.59368975,0.49667652,1.49286326,0.52249285
70.5000,0.49989914,2.86037621,0.59372434,0.49668025,1.49290122,0.52248646
70.6000,0.49989186,2.86041362,0.59375868,0.49668394,1.49293884,0.52248014
70.7000,0.49988463,2.86045073,0.59379276,0.49668759,1.49297613,0.52247388
70.8000,0.49987747,2.86048754,0.59382658,0.49669120,1.49301307,0.52246768
70.9000,0.49987036,2.86052406,0.59386015,0.49669478,1.49304969,0.52246155
71.0000,0.49986331,2.86056029,0.59389346,0.49669831,1.49308598,0.52245548
71.1000,0.49985632,2.86059623,0.59392653,0.49670181,1.49312194,0.52244948
71.2000,0.49984938,2.86063188,0.59395934,0.49670527,1.49315757,0.52244353
71.3000,0.49984250,2.86066725,0.59399191,0.49670870,1.49319289,0.52243764
71.4000,0.49983567,2.86070234,0.59402424,0.49671209,1.49322789,0.52243182
71.5000,0.49982890,2.86073714,0.59405632,0.49671545,1.49326258,0.52242605
71.6000,0.49982219,2.86077167,0.59408816,0.49671877,1.49329695,0.52242034
71.7000,0.49981553,2.86080593,0.59411977,0.49672205,1.49333101,0.52241470
71.8000,0.49980892,2.86083991,0.59415113,0.49672531,1.49336477,0.52240911
71.9000,0.49980237,2.86087362,0.59418226,0.49672852,1.49339823,0.52240357
72.0000,0.49979587,2.86090706,0.59421315,0.49673171,1.49343138,0.52239809
72.1000,0.49978942,2.86094023,0.59424382,0.49673486,1.49346423,0.52239267
72.2000,0.49978302,2.86097314,0.59427425,0.49673797,1.49349679,0.52238731
72.3000,0.49977668,2.86100579,0.59430445,0.49674106,1.49352906,0.52238200
72.4000,0.49977038,2.86103818,0.59433443,0.49674411,1.49356103,0.52237674
72.5000,0.49976414,2.86107031,0.59436417,0.49674713,1.49359272,0.52237154
72.6000,0.49975795,2.86110218,0.59439370,0.49675012,1.49362412,0.52236639
72.7000,0.49975181,2.86113380,0.59442300,0.49675307,1.49365524,0.52236130
72.8000,0.49974571,2.86116516,0.59445209,0.49675600,1.49368608,0.52235626
72.9000,0.49973967,2.86119628,0.59448095,0.49675889,1.49371664,0.52235126
73.0000,0.49973368,2.86122715,0.59450959,0.49676176,1.49374693,0.52234633
73.1000,0.49972773,2.86125777,0.59453802,0.49676459,1.49377694,0.52234144
73.2000,0.49972183,2.86128815,0.59456624,0.49676740,1.49380668,0.52233660
73.3000,0.49971598,2.86131829,0.59459424,0.49677017,1.49383615,0.52233181
73.4000,0.49971018,2.86134819,0.59462204,0.49677292,1.49386536,0.52232707
73.5000,0.49970442,2.86137784,0.59464962,0.49677564,1.49389430,0.52232238
73.6000,0.49969871,2.86140727,0.59467699,0.49677832,1.49392299,0.52231774
73.7000,0.49969305,2.86143645,0.59470416,0.49678098,1.49395141,0.52231315
73.8000,0.49968743,2.86146541,0.59473112,0.49678362,1.49397958,0.52230860
73.9000,0.49968185,2.86149413,0.59475788,0.49678622,1.49400749,0.52230410
74.0000,0.49967632,2.86152263,0.59478444,0.49678880,1.49403516,0.52229965
74.1000,0.49967084,2.86155090,0.59481080,0.49679135,1.49406257,0.52229525
74.2000,0.49966540,2.86157894,0.59483696,0.49679387,1.49408973,0.52229089
74.3000,0.49966001,2.86160676,0.59486292,0.49679637,1.49411665,0.52228657
74.4000,0.49965465,2.86163436,0.59488869,0.49679884,1.49414333,0.52228230
74.5000,0.49964934,2.86166174,0.59491426,0.49680128,1.49416976,0.52227808
74.6000,0.49964408,2.86168890,0.59493964,0.49680370,1.49419596,0.52227390
74.7000,0.49963885,2.86171584,0.59496482,0.49680610,1.49422192,0.52226976
74.8000,0.49963367,2.86174257,0.59498982,0.49680847,1.49424764,0.52226566
74.9000,0.49962853,2.86176908,0.59501462,0.49681081,1.49427313,0.52226161
75.0000,0.49962343,2.86179539,0.59503924,0.49681313,1.49429840,0.52225760
75.1000,0.49961838,2.86182148,0.59506368,0.49681542,1.49432343,0.52225363
75.2000,0.49961336,2.86184737,0.59508793,0.49681769,1.49434824,0.52224971
75.3000,0.49960838,2.86187305,0.59511199,0.49681994,1.49437282,0.52224582
75.4000,0.49960345,2.86189853,0.59513588,0.49682216,1.49439718,0.52224198
75.5000,0.49959855,2.86192380,0.59515958,0.49682436,1.49442132,0.52223817
75.6000,0.49959369,2.86194888,0.59518311,0.49682654,1.49444524,0.52223441
75.7000,0.49958887,2.86197375,0.59520645,0.49682869,1.49446895,0.52223068
75.8000,0.49958410,2.86199842,0.59522962,0.49683082,1.49449244,0.52222699
75.9000,0.49957936,2.86202290,0.59525262,0.49683293,1.49451571,0.52222335
76.0000,0.49957465,2.86204718,0.59527544,0.49683501,1.49453878,0.52221974
76.1000,0.49956999,2.86207127,0.59529809,0.49683708,1.49456164,0.52221617
76.2000,0.49956536,2.86209517,0.59532056,0.49683912,1.49458429,0.52221263
76.3000,0.49956077,2.86211888,0.59534287,0.49684114,1.49460674,0.52220913
76.4000,0.49955622,2.86214240,0.59536501,0.49684314,1.49462898,0.52220567
76.5000,0.49955170,2.86216573,0.59538698,0.49684511,1.49465102,0.52220225
76.6000,0.49954722,2.86218888,0.59540878,0.49684707,1.49467286,0.52219886
76.7000,0.49954278,2.86221184,0.59543042,0.49684901,1.49469451,0.52219551
76.8000,0.49953837,2.86223462,0.59545190,0.49685092,1.49471595,0.52219219
76.9000,0.49953400,2.86225721,0.59547321,0.49685282,1.49473721,0.52218891
77.0000,0.49952966,2.86227963,0.59549436,0.49685469,1.49475827,0.52218567
77.1000,0.49952536,2.86230187,0.59551535,0.49685655,1.49477913,0.52218245
77.2000,0.49952109,2.86232393,0.59553618,0.49685839,1.49479981,0.52217928
77.3000,0.49951686,2.86234582,0.59555686,0.49686020,1.49482031,0.52217613
77.4000,0.49951266,2.86236753,0.59557737,0.49686200,1.49484061,0.52217302
77.5000,0.49950849,2.86238907,0.59559773,0.49686378,1.49486073,0.52216994
77.6000,0.49950436,2.86241043,0.59561794,0.49686554,1.49488067,0.52216689
77.7000,0.49950026,2.86243163,0.59563800,0.49686728,1.49490043,0.52216388
77.8000,0.49949620,2.86245266,0.59565790,0.49686900,1.49492001,0.52216090
77.9000,0.49949216,2.86247352,0.59567765,0.49687071,1.49493941,0.52215795
78.0000,0.49948816,2.86249421,0.59569725,0.49687239,1.49495864,0.52215503
78.1000,0.49948420,2.86251474,0.59571670,0.49687406,1.49497769,0.52215214
78.2000,0.49948026,2.86253511,0.59573601,0.49687571,1.49499657,0.52214929
78.3000,0.49947636,2.86255531,0.59575517,0.49687735,1.49501527,0.52214646
78.4000,0.49947248,2.86257536,0.59577418,0.49687896,1.49503381,0.52214366
78.5000,0.49946864,2.86259524,0.59579305,0.49688056,1.49505218,0.52214090
78.6000,0.49946483,2.86261497,0.59581178,0.49688214,1.49507038,0.52213816
78.7000,0.49946105,2.86263454,0.59583036,0.49688371,1.49508841,0.52213545
78.8000,0.49945730,2.86265395,0.59584880,0.49688526,1.49510628,0.52213277
78.9000,0.49945358,2.86267321,0.59586710,0.49688679,1.49512399,0.52213012
79.0000,0.49944989,2.86269231,0.59588527,0.49688831,1.49514154,0.52212750
79.1000,0.49944623,2.86271126,0.59590329,0.49688981,1.49515893,0.52212491
79.2000,0.49944260,2.86273007,0.59592118,0.49689129,1.49517616,0.52212234
79.3000,0.49943900,2.86274872,0.59593894,0.49689276,1.49519323,0.52211980
79.4000,0.49943542,2.86276722,0.59595655,0.49689421,1.49521015,0.52211729
79.5000,0.49943188,2.86278558,0.59597404,0.49689565,1.49522691,0.52211481
79.6000,0.49942836,2.86280379,0.59599139,0.49689707,1.49524352,0.52211235
79.7000,0.49942488,2.86282185,0.59600861,0.49689848,1.49525998,0.52210992
79.8000,0.49942142,2.86283977,0.59602570,0.49689987,1.49527629,0.52210752
79.9000,0.49941799,2.86285755,0.59604266,0.49690125,1.49529246,0.52210514
80.0000,0.49941458,2.86287519,0.59605949,0.49690261,1.49530847,0.52210279
80.1000,0.49941121,2.86289269,0.59607619,0.49690396,1.49532434,0.52210046
80.2000,0.49940786,2.86291004,0.59609276,0.49690529,1.49534006,0.52209816
80.3000,0.49940453,2.86292726,0.59610921,0.49690661,1.49535564,0.52209588
80.4000,0.49940124,2.86294435,0.59612554,0.49690792,1.49537108,0.52209362
80.5000,0.49939797,2.86296129,0.59614174,0.49690921,1.49538638,0.52209140
80.6000,0.49939473,2.86297810,0.59615781,0.49691049,1.49540154,0.52208919
80.7000,0.49939151,2.86299478,0.59617377,0.49691175,1.49541656,0.52208701
80.8000,0.49938832,2.86301133,0.59618960,0.49691301,1.49543144,0.52208485
80.9000,0.49938515,2.86302774,0.59620531,0.49691424,1.49544619,0.52208272
81.0000,0.49938201,2.86304402,0.59622090,0.49691547,1.49546081,0.52208061
81.1000,0.49937890,2.86306017,0.59623638,0.49691668,1.49547529,0.52207852
81.2000,0.49937581,2.86307620,0.59625173,0.49691788,1.49548963,0.52207646
81.3000,0.49937274,2.86309210,0.59626697,0.49691906,1.49550385,0.52207442
81.4000,0.49936970,2.86310787,0.59628209,0.49692024,1.49551794,0.52207240
81.5000,0.49936669,2.86312351,0.59629710,0.49692140,1.49553190,0.52207040
81.6000,0.49936370,2.86313903,0.59631200,0.49692255,1.49554573,0.52206842
81.7000,0.49936073,2.86315443,0.59632678,0.49692368,1.49555943,0.52206647
81.8000,0.49935779,2.86316970,0.59634144,0.49692481,1.49557301,0.52206453
81.9000,0.49935487,2.86318485,0.59635600,0.49692592,1.49558647,0.52206262
82.0000,0.49935197,2.86319989,0.59637044,0.49692702,1.49559980,0.52206073
82.1000,0.49934910,2.86321480,0.59638478,0.49692811,1.49561302,0.52205886
82.2000,0.49934625,2.86322959,0.59639900,0.49692919,1.49562611,0.52205701
82.3000,0.49934342,2.86324427,0.59641312,0.49693025,1.49563908,0.52205518
82.4000,0.49934062,2.86325883,0.59642713,0.49693131,1.49565193,0.52205337
82.5000,0.49933783,2.86327327,0.59644103,0.49693235,1.49566467,0.52205158
82.6000,0.49933507,2.86328760,0.59645483,0.49693338,1.49567728,0.52204981
82.7000,0.49933234,2.86330181,0.59646852,0.49693440,1.49568979,0.52204806
82.8000,0.49932962,2.86331591,0.59648211,0.49693541,1.49570218,0.52204633
82.9000,0.49932693,2.86332990,0.59649559,0.49693641,1.49571445,0.52204462
83.0000,0.49932426,2.86334378,0.59650897,0.49693740,1.49572662,0.52204292
83.1000,0.49932161,2.86335755,0.59652225,0.49693838,1.49573867,0.52204125
83.2000,0.49931898,2.86337120,0.59653543,0.49693935,1.49575061,0.52203959
83.3000,0.49931637,2.86338475,0.59654850,0.49694030,1.49576244,0.52203796
83.4000,0.49931378,2.86339819,0.59656148,0.49694125,1.49577417,0.52203634
83.5000,0.49931122,2.86341153,0.59657436,0.49694219,1.49578579,0.52203474
83.6000,0.49930867,2.86342475,0.59658714,0.49694311,1.49579730,0.52203315
83.7000,0.49930614,2.86343788,0.59659982,0.49694403,1.49580870,0.52203159
83.8000,0.49930364,2.86345090,0.59661240,0.49694494,1.49582000,0.52203004
83.9000,0.49930115,2.86346381,0.59662489,0.49694584,1.49583120,0.52202850
84.0000,0.49929869,2.86347662,0.59663729,0.49694672,1.49584230,0.52202699
84.1000,0.49929624,2.86348933,0.59664958,0.49694760,1.49585329,0.52202549
84.2000,0.49929382,2.86350194,0.59666179,0.49694847,1.49586418,0.52202401
84.3000,0.49929141,2.86351445,0.59667390,0.49694933,1.49587498,0.52202255
84.4000,0.49928903,2.86352686,0.59668592,0.49695018,1.49588567,0.52202110
84.5000,0.49928666,2.86353917,0.59669785,0.49695102,1.49589627,0.52201967
84.6000,0.49928431,2.86355138,0.59670968,0.49695185,1.49590677,0.52201825
84.7000,0.49928198,2.86356349,0.59672143,0.49695268,1.49591717,0.52201685
84.8000,0.49927967,2.86357551,0.59673308,0.49695349,1.49592748,0.52201547
84.9000,0.49927738,2.86358743,0.59674465,0.49695430,1.49593769,0.52201410
85.0000,0.49927510,2.86359926,0.59675613,0.49695510,1.49594781,0.52201274
85.1000,0.49927285,2.86361100,0.59676752,0.49695588,1.49595784,0.52201141
85.2000,0.49927061,2.86362264,0.59677882,0.49695666,1.49596777,0.52201008
85.3000,0.49926839,2.86363418,0.59679004,0.49695744,1.49597761,0.52200877
85.4000,0.49926619,2.86364564,0.59680117,0.49695820,1.49598737,0.52200748
85.5000,0.49926401,2.86365700,0.59681222,0.49695895,1.49599703,0.52200620
85.6000,0.49926184,2.86366828,0.59682318,0.49695970,1.49600661,0.52200494
85.7000,0.49925969,2.86367946,0.59683406,0.49696044,1.49601609,0.52200369
85.8000,0.49925756,2.86369056,0.59684485,0.49696117,1.49602549,0.52200245
85.9000,0.49925544,2.86370156,0.59685556,0.49696190,1.49603481,0.52200123
86.0000,0.49925334,2.86371248,0.59686619,0.49696261,1.49604403,0.52200002
86.1000,0.49925126,2.86372332,0.59687674,0.49696332,1.49605318,0.52199882
86.2000,0.49924920,2.86373406,0.59688721,0.49696402,1.49606224,0.52199764
86.3000,0.49924715,2.86374472,0.59689760,0.49696471,1.49607121,0.52199648
86.4000,0.49924512,2.86375530,0.59690791,0.49696540,1.49608011,0.52199532
86.5000,0.49924311,2.86376579,0.59691814,0.49696608,1.49608892,0.52199418
86.6000,0.49924111,2.86377620,0.59692829,0.49696675,1.49609765,0.52199305
86.7000,0.49923912,2.86378653,0.59693836,0.49696741,1.49610630,0.52199194
86.8000,0.49923716,2.86379677,0.59694836,0.49696807,1.49611487,0.52199083
86.9000,0.49923521,2.86380693,0.59695827,0.49696872,1.49612337,0.52198974
87.0000,0.49923327,2.86381701,0.59696812,0.49696936,1.49613178,0.52198867
87.1000,0.49923135,2.86382701,0.59697789,0.49696999,1.49614012,0.52198760
87.2000,0.49922945,2.86383693,0.59698758,0.49697062,1.49614838,0.52198655
87.3000,0.49922756,2.86384678,0.59699720,0.49697125,1.49615656,0.52198551
87.4000,0.49922568,2.86385654,0.59700674,0.49697186,1.49616467,0.52198448
87.5000,0.49922382,2.86386623,0.59701621,0.49697247,1.49617271,0.52198346
87.6000,0.49922198,2.86387583,0.59702561,0.49697307,1.49618067,0.52198246
87.7000,0.49922015,2.86388537,0.59703494,0.49697367,1.49618856,0.52198146
87.8000,0.49921834,2.86389482,0.59704420,0.49697426,1.49619637,0.52198048
87.9000,0.49921654,2.86390421,0.59705338,0.49697484,1.49620411,0.52197951
88.0000,0.49921475,2.86391351,0.59706250,0.49697541,1.49621179,0.52197855
88.1000,0.49921298,2.86392274,0.59707154,0.49697599,1.49621939,0.52197760
88.2000,0.49921122,2.86393190,0.59708052,0.49697655,1.49622692,0.52197666
88.3000,0.49920948,2.86394099,0.59708942,0.49697711,1.49623438,0.52197573
88.4000,0.49920775,2.86395000,0.59709826,0.49697766,1.49624177,0.52197482
88.5000,0.49920604,2.86395895,0.59710703,0.49697820,1.49624910,0.52197391
88.6000,0.49920433,2.86396782,0.59711573,0.49697875,1.49625635,0.52197302
88.7000,0.49920265,2.86397662,0.59712437,0.49697928,1.49626355,0.52197213
88.8000,0.49920097,2.86398535,0.59713294,0.49697981,1.49627067,0.52197126
88.9000,0.49919931,2.86399401,0.59714144,0.49698033,1.49627773,0.52197039
89.0000,0.49919766,2.86400260,0.59714988,0.49698085,1.49628472,0.52196954
89.1000,0.49919603,2.86401112,0.59715826,0.49698136,1.49629165,0.52196870
89.2000,0.49919441,2.86401958,0.59716657,0.49698187,1.49629852,0.52196786
89.3000,0.49919280,2.86402797,0.59717481,0.49698237,1.49630532,0.52196704
89.4000,0.49919121,2.86403629,0.59718299,0.49698286,1.49631206,0.52196622
89.5000,0.49918962,2.86404455,0.59719111,0.49698335,1.49631873,0.52196542
89.6000,0.49918805,2.86405274,0.59719917,0.49698384,1.49632535,0.52196462
89.7000,0.49918650,2.86406086,0.59720717,0.49698431,1.49633190,0.52196384
89.8000,0.49918495,2.86406892,0.59721510,0.49698479,1.49633840,0.52196306
89.9000,0.49918342,2.86407692,0.59722297,0.49698526,1.49634483,0.52196229
90.0000,0.49918190,2.86408485,0.59723079,0.49698572,1.49635121,0.52196153
90.1000,0.49918039,2.86409272,0.59723854,0.49698618,1.49635752,0.52196078
90.2000,0.49917890,2.86410052,0.59724623,0.49698663,1.49636378,0.52196004
90.3000,0.49917741,2.86410827,0.59725387,0.49698708,1.49636998,0.52195931
90.4000,0.49917594,2.86411595,0.59726144,0.49698753,1.49637612,0.52195858
90.5000,0.49917448,2.86412357,0.59726896,0.49698797,1.49638221,0.52195787
90.6000,0.49917303,2.86413113,0.59727642,0.49698840,1.49638824,0.52195716
90.7000,0.49917160,2.86413863,0.59728382,0.49698883,1.49639421,0.52195646
90.8000,0.49917017,2.86414608,0.59729116,0.49698925,1.49640013,0.52195578
90.9000,0.49916876,2.86415346,0.59729845,0.49698968,1.49640599,0.52195509
91.0000,0.49916736,2.86416078,0.59730568,0.49699009,1.49641180,0.52195442
91.1000,0.49916596,2.86416804,0.59731286,0.49699050,1.49641756,0.52195375
91.2000,0.49916458,2.86417525,0.59731998,0.49699091,1.49642326,0.52195310
91.3000,0.49916322,2.86418240,0.59732705,0.49699131,1.49642891,0.52195245
91.4000,0.49916186,2.86418949,0.59733406,0.49699171,1.49643451,0.52195181
91.5000,0.49916051,2.86419653,0.59734102,0.49699210,1.49644006,0.52195117
91.6000,0.49915917,2.86420351,0.59734793,0.49699249,1.49644555,0.52195055
91.7000,0.49915785,2.86421043,0.59735478,0.49699288,1.49645100,0.52194993
91.8000,0.49915653,2.86421730,0.59736158,0.49699326,1.49645639,0.52194932
91.9000,0.49915523,2.86422412,0.59736832,0.49699364,1.49646173,0.52194871
92.0000,0.49915394,2.86423088,0.59737502,0.49699401,1.49646703,0.52194811
92.1000,0.49915265,2.86423759,0.59738166,0.49699438,1.49647227,0.52194753
92.2000,0.49915138,2.86424424,0.59738825,0.49699474,1.49647747,0.52194694
92.3000,0.49915012,2.86425084,0.59739480,0.49699510,1.49648262,0.52194637
92.4000,0.49914886,2.86425739,0.59740129,0.49699546,1.49648772,0.52194580
92.5000,0.49914762,2.86426388,0.59740773,0.49699581,1.49649277,0.52194524
92.6000,0.49914639,2.86427033,0.59741412,0.49699616,1.49649778,0.52194468
92.7000,0.49914517,2.86427672,0.59742046,0.49699651,1.49650274,0.52194414
92.8000,0.49914395,2.86428306,0.59742675,0.49699685,1.49650766,0.52194359
92.9000,0.49914275,2.86428935,0.59743300,0.49699719,1.49651253,0.52194306
93.0000,0.49914156,2.86429560,0.59743920,0.49699752,1.49651735,0.52194253
93.1000,0.49914037,2.86430179,0.59744534,0.49699785,1.49652213,0.52194201
93.2000,0.49913920,2.86430793,0.59745145,0.49699818,1.49652686,0.52194150
93.3000,0.49913803,2.86431402,0.59745750,0.49699850,1.49653156,0.52194099
93.4000,0.49913688,2.86432007,0.59746351,0.49699882,1.49653620,0.52194048
93.5000,0.49913573,2.86432606,0.59746947,0.49699914,1.49654081,0.52193999
93.6000,0.49913459,2.86433201,0.59747539,0.49699945,1.49654537,0.52193950
93.7000,0.49913346,2.86433792,0.59748126,0.49699976,1.49654989,0.52193901
93.8000,0.49913234,2.86434377,0.59748708,0.49700006,1.49655437,0.52193854
93.9000,0.49913123,2.86434958,0.59749286,0.49700037,1.49655880,0.52193806
94.0000,0.49913013,2.86435534,0.59749860,0.49700067,1.49656320,0.52193760
94.1000,0.49912904,2.86436106,0.59750429,0.49700096,1.49656755,0.52193714
94.2000,0.49912796,2.86436673,0.59750994,0.49700125,1.49657187,0.52193668
94.3000,0.49912688,2.86437235,0.59751554,0.49700154,1.49657614,0.52193623
94.4000,0.49912581,2.86437793,0.59752110,0.49700183,1.49658038,0.52193579
94.5000,0.49912476,2.86438347,0.59752662,0.49700211,1.49658457,0.52193535
94.6000,0.49912371,2.86438896,0.59753209,0.49700239,1.49658873,0.52193492
94.7000,0.49912267,2.86439441,0.59753752,0.49700267,1.49659284,0.52193449
94.8000,0.49912163,2.86439981,0.59754292,0.49700295,1.49659692,0.52193407
94.9000,0.49912061,2.86440518,0.59754826,0.49700322,1.49660096,0.52193366
95.0000,0.49911959,2.86441050,0.59755357,0.49700348,1.49660497,0.52193324
95.1000,0.49911858,2.86441577,0.59755884,0.49700375,1.49660894,0.52193284
95.2000,0.49911758,2.86442101,0.59756407,0.49700401,1.49661286,0.52193244
95.3000,0.49911659,2.86442620,0.59756925,0.49700427,1.49661676,0.52193204
95.4000,0.49911561,2.86443135,0.59757440,0.49700453,1.49662062,0.52193165
95.5000,0.49911463,2.86443646,0.59757950,0.49700478,1.49662444,0.52193127
95.6000,0.49911366,2.86444153,0.59758457,0.49700503,1.49662822,0.52193089
95.7000,0.49911270,2.86444656,0.59758960,0.49700528,1.49663197,0.52193051
95.8000,0.49911175,2.86445155,0.59759459,0.49700552,1.49663569,0.52193014
95.9000,0.49911081,2.86445650,0.59759954,0.49700577,1.49663937,0.52192977
96.0000,0.49910987,2.86446142,0.59760445,0.49700601,1.49664302,0.52192941
96.1000,0.49910894,2.86446629,0.59760932,0.49700624,1.49664663,0.52192905
96.2000,0.49910801,2.86447112,0.59761416,0.49700648,1.49665021,0.52192870
96.3000,0.49910710,2.86447591,0.59761896,0.49700671,1.49665376,0.52192835
96.4000,0.49910619,2.86448067,0.59762372,0.49700694,1.49665727,0.52192801
96.5000,0.49910529,2.86448539,0.59762845,0.49700717,1.49666075,0.52192767
96.6000,0.49910440,2.86449007,0.59763314,0.49700739,1.49666420,0.52192734
96.7000,0.49910351,2.86449471,0.59763779,0.49700761,1.49666761,0.52192701
96.8000,0.49910263,2.86449932,0.59764241,0.49700783,1.49667100,0.52192668
96.9000,0.49910176,2.86450389,0.59764699,0.49700805,1.49667435,0.52192636
97.0000,0.49910089,2.86450842,0.59765153,0.49700827,1.49667767,0.52192604
97.1000,0.49910004,2.86451292,0.59765604,0.49700848,1.49668096,0.52192573
97.2000,0.49909919,2.86451738,0.59766052,0.49700869,1.49668422,0.52192542
97.3000,0.49909834,2.86452181,0.59766496,0.49700890,1.49668745,0.52192511
97.4000,0.49909750,2.86452620,0.59766937,0.49700910,1.49669065,0.52192481
97.5000,0.49909667,2.86453055,0.59767374,0.49700930,1.49669382,0.52192452
97.6000,0.49909585,2.86453488,0.59767808,0.49700951,1.49669696,0.52192422
97.7000,0.49909503,2.86453916,0.59768238,0.49700970,1.49670007,0.52192393
97.8000,0.49909422,2.86454341,0.59768665,0.49700990,1.49670315,0.52192365
97.9000,0.49909341,2.86454763,0.59769089,0.49701010,1.49670621,0.52192337
98.0000,0.49909262,2.86455182,0.59769510,0.49701029,1.49670923,0.52192309
98.1000,0.49909182,2.86455597,0.59769927,0.49701048,1.49671223,0.52192281
98.2000,0.49909104,2.86456009,0.59770341,0.49701067,1.49671520,0.52192254
98.3000,0.49909026,2.86456418,0.59770752,0.49701085,1.49671814,0.52192227
98.4000,0.49908949,2.86456823,0.59771160,0.49701103,1.49672105,0.52192201
98.5000,0.49908872,2.86457225,0.59771565,0.49701122,1.49672394,0.52192175
98.6000,0.49908796,2.86457624,0.59771966,0.49701140,1.49672680,0.52192149
98.7000,0.49908720,2.86458020,0.59772364,0.49701157,1.49672963,0.52192124
98.8000,0.49908646,2.86458412,0.59772760,0.49701175,1.49673243,0.52192099
98.9000,0.49908571,2.86458802,0.59773152,0.49701192,1.49673521,0.52192075
99.0000,0.49908498,2.86459188,0.59773541,0.49701210,1.49673797,0.52192050
99.1000,0.49908425,2.86459571,0.59773927,0.49701227,1.49674070,0.52192026
99.2000,0.49908352,2.86459952,0.59774310,0.49701243,1.49674340,0.52192003
99.3000,0.49908280,2.86460329,0.59774691,0.49701260,1.49674608,0.52191979
99.4000,0.49908209,2.86460703,0.59775068,0.49701276,1.49674873,0.52191956
99.5000,0.49908138,2.86461074,0.59775442,0.49701293,1.49675136,0.52191934
99.6000,0.49908068,2.86461443,0.59775814,0.49701309,1.49675396,0.52191911
99.7000,0.49907998,2.86461808,0.59776182,0.49701325,1.49675654,0.52191889
99.8000,0.49907929,2.86462170,0.59776548,0.49701340,1.49675910,0.52191868
99.9000,0.49907861,2.86462530,0.59776911,0.49701356,1.49676163,0.52191846
100.0000,0.49907793,2.86462887,0.59777271,0.49701371,1.49676414,0.52191825
