t,y_hif,y_o2,y_p300,y_p53,y_casp,y_kp
0.0000,0.000000,0.000000,0.000000,0.000000,0.000000,0.000000
1.0000,1.017194,1.177674,0.055508,0.047580,0.097502,0.136722
2.0000,1.140509,1.405496,0.098142,0.090628,0.190030,0.362280
3.0000,1.090885,1.484683,0.132247,0.129573,0.277649,0.551917
4.0000,1.022479,1.562753,0.161173,0.164803,0.360452,0.685319
5.0000,0.955336,1.648527,0.186734,0.196671,0.438563,0.765330
6.0000,0.894089,1.738553,0.210021,0.225497,0.512124,0.802444
7.0000,0.840209,1.829171,0.231693,0.251569,0.581292,0.809418
8.0000,0.793790,1.917572,0.252130,0.275149,0.646237,0.797982
9.0000,0.754249,2.001817,0.271550,0.296475,0.707135,0.777197
10.0000,0.720735,2.080719,0.290071,0.315761,0.764166,0.753124
11.0000,0.692356,2.153669,0.307757,0.333201,0.817515,0.729272
12.0000,0.668285,2.220487,0.324644,0.348972,0.867364,0.707332
13.0000,0.647804,2.281275,0.340755,0.363231,0.913896,0.687876
14.0000,0.630307,2.336316,0.356105,0.376123,0.957290,0.670883
15.0000,0.615293,2.385996,0.370710,0.387780,0.997721,0.656083
16.0000,0.602351,2.430747,0.384585,0.398317,1.035358,0.643139
17.0000,0.591142,2.471015,0.397747,0.407844,1.070367,0.631740
18.0000,0.581391,2.507236,0.410217,0.416455,1.102905,0.621623
19.0000,0.572872,2.539821,0.422014,0.424239,1.133126,0.612583
20.0000,0.565398,2.569149,0.433163,0.431274,1.161175,0.604459
21.0000,0.558817,2.595568,0.443685,0.437633,1.187191,0.597125
22.0000,0.553000,2.619391,0.453607,0.443380,1.211306,0.590482
23.0000,0.547841,2.640897,0.462954,0.448573,1.233647,0.584452
24.0000,0.543252,2.660335,0.471750,0.453267,1.254330,0.578966
25.0000,0.539157,2.677927,0.480023,0.457508,1.273470,0.573971
26.0000,0.535493,2.693868,0.487796,0.461340,1.291172,0.569417
27.0000,0.532207,2.708332,0.495096,0.464802,1.307536,0.565262
28.0000,0.529253,2.721472,0.501947,0.467930,1.322656,0.561471
29.0000,0.526592,2.733423,0.508372,0.470756,1.336619,0.558009
30.0000,0.524189,2.744305,0.514394,0.473309,1.349510,0.554847
31.0000,0.522017,2.754225,0.520036,0.475616,1.361404,0.551958
32.0000,0.520049,2.763278,0.525319,0.477699,1.372375,0.549320
33.0000,0.518264,2.771546,0.530264,0.479581,1.382491,0.546909
34.0000,0.516642,2.779104,0.534890,0.481280,1.391814,0.544706
35.0000,0.515167,2.786020,0.539217,0.482815,1.400403,0.542693
36.0000,0.513823,2.792353,0.543261,0.484202,1.408314,0.540854
37.0000,0.512598,2.798155,0.547040,0.485454,1.415597,0.539174
38.0000,0.511481,2.803476,0.550570,0.486584,1.422300,0.537640
39.0000,0.510460,2.808358,0.553867,0.487605,1.428468,0.536238
40.0000,0.509527,2.812839,0.556944,0.488526,1.434141,0.534957
41.0000,0.508673,2.816955,0.559816,0.489358,1.439357,0.533788
42.0000,0.507891,2.820737,0.562495,0.490109,1.444152,0.532721
43.0000,0.507175,2.824214,0.564994,0.490788,1.448559,0.531746
44.0000,0.506519,2.827411,0.567324,0.491400,1.452608,0.530857
45.0000,0.505917,2.830353,0.569496,0.491952,1.456327,0.530045
46.0000,0.505365,2.833060,0.571520,0.492451,1.459741,0.529305
47.0000,0.504858,2.835553,0.573406,0.492901,1.462876,0.528630
48.0000,0.504393,2.837847,0.575162,0.493307,1.465753,0.528014
49.0000,0.503965,2.839961,0.576798,0.493673,1.468393,0.527452
50.0000,0.503572,2.841908,0.578321,0.494004,1.470815,0.526941
51.0000,0.503211,2.843703,0.579738,0.494302,1.473037,0.526475
52.0000,0.502879,2.845356,0.581058,0.494571,1.475074,0.526050
53.0000,0.502573,2.846881,0.582285,0.494814,1.476941,0.525663
54.0000,0.502292,2.848286,0.583427,0.495033,1.478653,0.525312
55.0000,0.502033,2.849582,0.584489,0.495231,1.480221,0.524991
56.0000,0.501795,2.850777,0.585477,0.495409,1.481658,0.524700
57.0000,0.501576,2.851879,0.586395,0.495569,1.482975,0.524435
58.0000,0.501374,2.852896,0.587248,0.495714,1.484180,0.524194
59.0000,0.501188,2.853834,0.588042,0.495845,1.485284,0.523975
60.0000,0.501017,2.854699,0.588779,0.495962,1.486295,0.523776
61.0000,0.500859,2.855498,0.589464,0.496069,1.487220,0.523596
62.0000,0.500714,2.856234,0.590100,0.496164,1.488067,0.523432
63.0000,0.500580,2.856914,0.590691,0.496251,1.488842,0.523283
64.0000,0.500456,2.857541,0.591240,0.496328,1.489551,0.523148
65.0000,0.500343,2.858120,0.591749,0.496398,1.490199,0.523026
66.0000,0.500238,2.858655,0.592222,0.496461,1.490792,0.522915
67.0000,0.500141,2.859148,0.592661,0.496518,1.491334,0.522815
68.0000,0.500052,2.859603,0.593069,0.496569,1.491830,0.522724
69.0000,0.499970,2.860023,0.593447,0.496615,1.492283,0.522642
70.0000,0.499894,2.860411,0.593798,0.496657,1.492698,0.522567
71.0000,0.499824,2.860769,0.594123,0.496694,1.493076,0.522500
72.0000,0.499760,2.861100,0.594425,0.496728,1.493422,0.522439
73.0000,0.499700,2.861405,0.594705,0.496758,1.493738,0.522384
74.0000,0.499646,2.861687,0.594965,0.496786,1.494027,0.522335
75.0000,0.499595,2.861947,0.595206,0.496810,1.494291,0.522290
76.0000,0.499549,2.862187,0.595429,0.496832,1.494532,0.522250
77.0000,0.499506,2.862408,0.595636,0.496852,1.494752,0.522213
78.0000,0.499466,2.862613,0.595828,0.496870,1.494952,0.522181
79.0000,0.499429,2.862802,0.596006,0.496886,1.495136,0.522151
80.0000,0.499396,2.862976,0.596171,0.496901,1.495303,0.522125
81.0000,0.499365,2.863137,0.596324,0.496914,1.495456,0.522101
82.0000,0.499336,2.863286,0.596465,0.496925,1.495595,0.522079
83.0000,0.499309,2.863423,0.596597,0.496936,1.495722,0.522060
84.0000,0.499285,2.863550,0.596718,0.496945,1.495838,0.522043
85.0000,0.499263,2.863667,0.596831,0.496954,1.495944,0.522027
86.0000,0.499242,2.863775,0.596935,0.496961,1.496040,0.522014
87.0000,0.499223,2.863874,0.597032,0.496968,1.496128,0.522001
88.0000,0.499205,2.863966,0.597121,0.496974,1.496208,0.521990
89.0000,0.499189,2.864051,0.597204,0.496980,1.496282,0.521980
90.0000,0.499173,2.864130,0.597281,0.496985,1.496348,0.521971
91.0000,0.499160,2.864202,0.597352,0.496989,1.496409,0.521964
92.0000,0.499147,2.864269,0.597418,0.496993,1.496464,0.521957
93.0000,0.499135,2.864331,0.597478,0.496997,1.496515,0.521950
94.0000,0.499124,2.864388,0.597535,0.497000,1.496561,0.521945
95.0000,0.499114,2.864441,0.597587,0.497003,1.496603,0.521940
96.0000,0.499105,2.864489,0.597635,0.497005,1.496641,0.521936
97.0000,0.499096,2.864534,0.597680,0.497008,1.496676,0.521932
98.0000,0.499088,2.864576,0.597721,0.497010,1.496708,0.521928
99.0000,0.499081,2.864614,0.597760,0.497012,1.496736,0.521925
100.0000,0.499074,2.864649,0.597795,0.497013,1.496763,0.521923
